Date,C1 ,C2,C3,C4,C5,C6,C7,C8,C9,C10,C11,C12,C13,C14,C15,C16,C17,C18,C19,C20,C21,C22,C23,C24,C25,C26,C27,C28,C29,C30,C31,C32,C33,C34,C35,C36
19-Dec-18,0.352,0.203,0.277,0.279,0.198,0.217,0.303,0.278,0.262,0.299,0.184,0.211,0.284,0.26,0.253,0.204,0.301,0.287,0.27,0.294,0.281,0.276,0.282,0.213,0.178,0.367,0.198,0.278,0.187,0.205,0.155,0.217,0.219,0.2,0.172,0.193
19-Dec-18,0.354,0.208,0.279,0.28,0.196,0.216,0.305,0.282,0.266,0.303,0.185,0.211,0.285,0.261,0.255,0.205,0.302,0.289,0.274,0.296,0.283,0.279,0.285,0.214,0.18,0.37,0.203,0.28,0.189,0.206,0.155,0.218,0.219,0.204,0.174,0.194
24-Dec-18,0.214,0.28,0.148,0.173,0.169,0.217,0.164,0.09,0.074,0.341,0.086,0.208,0.13,0.221,0.146,0.218,0.287,0.126,0.121,0.175,0.126,0.094,0.086,0.213,0.179,0.173,0.257,0.148,0.075,0.176,0.144,0.231,0.218,0.089,0.084,0.194
24-Dec-18,0.209,0.272,0.144,0.168,0.164,0.214,0.16,0.086,0.071,0.333,0.081,0.205,0.128,0.215,0.14,0.212,0.28,0.122,0.115,0.171,0.119,0.09,0.082,0.211,0.172,0.169,0.249,0.141,0.07,0.168,0.136,0.226,0.214,0.084,0.08,0.188
29-Dec-18,0.122,0.081,0.013,0.091,0.067,0.022,0.087,0.156,0.156,0.06,0.102,0.023,-0.006,0.089,0.08,0.071,0.062,0.01,0.073,0.077,0.075,0.169,0.154,0.019,0.074,-0.002,0.099,0.077,0.091,0.064,0.056,0.063,0.018,0.106,0.094,0.06
29-Dec-18,0.125,0.081,0.014,0.093,0.066,0.021,0.089,0.157,0.157,0.06,0.103,0.023,-0.006,0.089,0.083,0.071,0.062,0.01,0.077,0.08,0.078,0.17,0.156,0.019,0.076,-0.001,0.099,0.08,0.092,0.064,0.056,0.064,0.017,0.107,0.095,0.061
03-Jan-19,0.118,0.066,0.045,0.123,0.087,0.243,0.079,0.057,0.061,0.079,0.115,0.22,0.075,0.132,0.166,0.09,0.084,0.089,0.159,0.11,0.149,0.082,0.061,0.239,0.126,0.055,0.047,0.124,0.119,0.074,0.086,0.116,0.266,0.125,0.106,0.098
03-Jan-19,0.115,0.066,0.046,0.119,0.086,0.206,0.079,0.058,0.062,0.077,0.112,0.188,0.075,0.125,0.159,0.088,0.081,0.088,0.151,0.107,0.139,0.082,0.062,0.201,0.122,0.055,0.048,0.12,0.114,0.074,0.085,0.112,0.224,0.12,0.102,0.096
13-Jan-19,0.355,0.259,0.335,0.319,0.171,0.208,0.354,0.342,0.338,0.413,0.197,0.214,0.345,0.256,0.284,0.189,0.393,0.336,0.343,0.319,0.374,0.335,0.338,0.207,0.178,0.43,0.345,0.366,0.215,0.211,0.137,0.239,0.214,0.243,0.191,0.179
13-Jan-19,0.367,0.303,0.345,0.329,0.174,0.211,0.367,0.357,0.352,0.442,0.203,0.218,0.358,0.264,0.292,0.194,0.41,0.348,0.356,0.329,0.395,0.347,0.351,0.211,0.181,0.444,0.384,0.383,0.224,0.216,0.139,0.246,0.217,0.254,0.197,0.184
15-Jan-19,,,,,,,,,,,,,,,,,,,,,,,,,,,,,,,,,,,,
25-Jan-19,,,,,,,,,,,,,,,,,,,,,,,,,,,,,,,,,,,,
28-Jan-19,0.364,0.372,0.298,0.291,0.188,0.189,0.323,0.308,0.302,0.405,0.179,0.189,0.305,0.248,0.253,0.184,0.365,0.318,0.284,0.301,0.341,0.296,0.302,0.191,0.173,0.398,0.393,0.311,0.189,0.207,0.149,0.195,0.194,0.209,0.171,0.177
28-Jan-19,0.375,0.406,0.309,0.302,0.191,0.193,0.337,0.322,0.316,0.427,0.186,0.193,0.319,0.257,0.262,0.188,0.379,0.331,0.296,0.312,0.36,0.309,0.314,0.196,0.179,0.411,0.416,0.327,0.197,0.215,0.153,0.201,0.199,0.219,0.178,0.181
30-Jan-19,,,,,,,,,,,,,,,,,,,,,,,,,,,,,,,,,,,,
04-Feb-19,,,,,,,,,,,,,,,,,,,,,,,,,,,,,,,,,,,,
09-Feb-19,,,,,,,,,,,,,,,,,,,,,,,,,,,,,,,,,,,,
14-Feb-19,,,,,,,,,,,,,,,,,,,,,,,,,,,,,,,,,,,,
17-Feb-19,0.262,0.362,0.23,0.213,0.133,0.147,0.246,0.242,0.228,0.336,0.132,0.144,0.256,0.201,0.178,0.143,0.282,0.257,0.213,0.221,0.263,0.219,0.225,0.146,0.141,0.309,0.317,0.243,0.141,0.169,0.105,0.161,0.149,0.146,0.119,0.129
17-Feb-19,0.266,0.371,0.233,0.216,0.134,0.147,0.249,0.247,0.232,0.343,0.133,0.144,0.26,0.203,0.181,0.145,0.287,0.26,0.215,0.223,0.268,0.221,0.228,0.147,0.141,0.314,0.323,0.247,0.143,0.171,0.106,0.163,0.15,0.149,0.121,0.129
19-Feb-19,,,,,,,,,,,,,,,,,,,,,,,,,,,,,,,,,,,,
22-Feb-19,0.209,0.338,0.22,0.185,0.107,0.134,0.213,0.21,0.197,0.314,0.116,0.128,0.242,0.167,0.153,0.116,0.253,0.239,0.197,0.188,0.243,0.199,0.201,0.135,0.142,0.273,0.278,0.22,0.126,0.159,0.095,0.158,0.14,0.138,0.109,0.102
22-Feb-19,0.214,0.359,0.225,0.19,0.107,0.135,0.218,0.216,0.202,0.33,0.119,0.129,0.249,0.169,0.156,0.116,0.263,0.245,0.202,0.192,0.252,0.204,0.206,0.135,0.142,0.28,0.289,0.228,0.129,0.16,0.092,0.16,0.141,0.141,0.11,0.101
01-Mar-19,,,,,,,,,,,,,,,,,,,,,,,,,,,,,,,,,,,,
06-Mar-19,,,,,,,,,,,,,,,,,,,,,,,,,,,,,,,,,,,,
09-Mar-19,0.207,0.253,0.179,0.165,0.11,0.115,0.196,0.187,0.178,0.243,0.113,0.111,0.206,0.173,0.138,0.118,0.209,0.21,0.153,0.175,0.184,0.166,0.176,0.118,0.114,0.252,0.223,0.171,0.116,0.148,0.087,0.136,0.121,0.117,0.106,0.109
09-Mar-19,0.207,0.254,0.179,0.166,0.111,0.116,0.195,0.188,0.179,0.243,0.112,0.112,0.205,0.172,0.14,0.118,0.21,0.209,0.153,0.174,0.184,0.167,0.178,0.119,0.116,0.253,0.224,0.173,0.117,0.147,0.086,0.136,0.121,0.118,0.107,0.11
11-Mar-19,,,,,,,,,,,,,,,,,,,,,,,,,,,,,,,,,,,,
16-Mar-19,,,,,,,,,,,,,,,,,,,,,,,,,,,,,,,,,,,,
19-Mar-19,0.187,0.209,0.152,0.135,0.101,0.1,0.164,0.16,0.15,0.201,0.096,0.095,0.177,0.149,0.121,0.098,0.177,0.185,0.128,0.148,0.16,0.138,0.149,0.103,0.099,0.227,0.189,0.148,0.095,0.132,0.075,0.115,0.106,0.096,0.083,0.096
19-Mar-19,0.189,0.211,0.153,0.137,0.104,0.101,0.166,0.163,0.152,0.202,0.098,0.096,0.178,0.151,0.123,0.1,0.178,0.187,0.13,0.15,0.161,0.139,0.15,0.105,0.101,0.229,0.19,0.149,0.097,0.131,0.075,0.117,0.108,0.098,0.084,0.098
24-Mar-19,0.132,0.208,0.15,0.112,0.06,0.089,0.131,0.148,0.138,0.194,0.077,0.086,0.174,0.101,0.103,0.057,0.172,0.17,0.128,0.119,0.145,0.139,0.14,0.093,0.086,0.196,0.177,0.141,0.087,0.105,0.05,0.086,0.099,0.088,0.075,0.046
24-Mar-19,0.133,0.214,0.15,0.112,0.057,0.088,0.133,0.152,0.14,0.198,0.076,0.085,0.177,0.099,0.103,0.053,0.175,0.172,0.13,0.12,0.148,0.141,0.143,0.092,0.085,0.198,0.181,0.143,0.087,0.103,0.045,0.084,0.098,0.089,0.075,0.043
03-Apr-19,0.134,0.174,0.114,0.113,0.078,0.077,0.126,0.116,0.102,0.171,0.06,0.071,0.135,0.108,0.091,0.074,0.155,0.14,0.104,0.118,0.119,0.101,0.107,0.082,0.094,0.162,0.15,0.11,0.062,0.105,0.056,0.093,0.087,0.067,0.06,0.065
10-Apr-19,,,,,,,,,,,,,,,,,,,,,,,,,,,,,,,,,,,,
23-Apr-19,0.158,0.037,0.08,0.137,0.024,0.008,0.14,0.049,0.056,0.031,0.053,0.007,0.068,0.044,0.032,0.105,0.032,0.074,0.035,0.139,0.025,0.059,0.046,0.011,0.04,0.094,0.041,0.035,0.087,0.024,0.025,0.096,0.004,0.135,0.126,0.085
25-Apr-19,,,,,,,,,,,,,,,,,,,,,,,,,,,,,,,,,,,,
03-May-19,0.007,0.007,0.007,0.007,0.006,0.006,0.006,0.007,0.007,0.006,0.007,0.007,0.006,0.006,0.006,0.007,0.007,0.006,0.005,0.006,0.006,0.007,0.007,0.006,0.008,0.007,0.007,0.006,0.007,0.006,0.006,0.008,0.006,0.007,0.007,0.007
03-May-19,0.007,0.01,0.007,0.008,0.007,0.01,0.006,0.007,0.008,0.009,0.007,0.011,0.006,0.007,0.006,0.007,0.01,0.006,0.006,0.006,0.006,0.007,0.007,0.01,0.009,0.006,0.01,0.006,0.008,0.007,0.008,0.009,0.01,0.007,0.007,0.008
08-May-19,0.408,0.404,0.374,0.356,0.345,0.381,0.387,0.382,0.373,0.405,0.384,0.37,0.385,0.394,0.351,0.371,0.389,0.377,0.362,0.375,0.377,0.367,0.377,0.394,0.361,0.418,0.388,0.376,0.388,0.368,0.332,0.376,0.393,0.388,0.344,0.355
08-May-19,0.411,0.408,0.377,0.359,0.347,0.384,0.39,0.386,0.376,0.408,0.387,0.372,0.388,0.397,0.355,0.374,0.393,0.38,0.364,0.377,0.379,0.369,0.38,0.397,0.363,0.422,0.391,0.379,0.391,0.37,0.333,0.378,0.396,0.392,0.346,0.357
18-May-19,0.527,0.372,0.471,0.496,0.422,0.315,0.512,0.169,0.167,0.38,0.415,0.345,0.448,0.517,0.328,0.479,0.36,0.423,0.339,0.509,0.346,0.147,0.167,0.298,0.469,0.485,0.359,0.346,0.445,0.441,0.438,0.487,0.256,0.47,0.448,0.455
18-May-19,0.525,0.372,0.468,0.495,0.422,0.316,0.51,0.172,0.171,0.379,0.411,0.345,0.447,0.515,0.33,0.479,0.359,0.422,0.341,0.507,0.347,0.15,0.171,0.3,0.468,0.483,0.359,0.348,0.439,0.44,0.437,0.486,0.258,0.463,0.442,0.456
23-May-19,0.04,0.022,0.04,0.031,0.032,0.029,0.038,0.087,0.076,0.027,0.067,0.032,0.052,0.036,0.064,0.05,0.012,0.058,0.066,0.045,0.059,0.086,0.084,0.022,0.038,0.014,0.022,0.061,0.084,0.046,0.04,0.046,0.026,0.074,0.063,0.046
25-May-19,,,,,,,,,,,,,,,,,,,,,,,,,,,,,,,,,,,,
25-May-19,,,,,,,,,,,,,,,,,,,,,,,,,,,,,,,,,,,,
04-Jun-19,,,,,,,,,,,,,,,,,,,,,,,,,,,,,,,,,,,,
07-Jun-19,0.923,0.915,0.92,0.923,0.911,0.917,0.924,0.915,0.918,0.916,0.913,0.915,0.91,0.907,0.913,0.905,0.917,0.914,0.909,0.926,0.907,0.916,0.916,0.918,0.915,0.918,0.917,0.91,0.918,0.904,0.906,0.91,0.913,0.92,0.919,0.901
07-Jun-19,0.926,0.919,0.924,0.926,0.914,0.92,0.927,0.918,0.921,0.92,0.916,0.919,0.915,0.91,0.916,0.908,0.92,0.918,0.912,0.93,0.911,0.92,0.92,0.922,0.918,0.922,0.921,0.914,0.922,0.906,0.91,0.913,0.917,0.924,0.922,0.904
09-Jun-19,,,,,,,,,,,,,,,,,,,,,,,,,,,,,,,,,,,,
12-Jun-19,0.93,0.926,0.927,0.928,0.92,0.931,0.93,0.925,0.928,0.927,0.922,0.93,0.924,0.912,0.928,0.918,0.93,0.923,0.922,0.931,0.923,0.925,0.928,0.932,0.928,0.923,0.924,0.926,0.924,0.913,0.92,0.919,0.928,0.929,0.926,0.913
12-Jun-19,0.932,0.929,0.929,0.931,0.922,0.933,0.932,0.928,0.931,0.93,0.924,0.932,0.927,0.915,0.93,0.921,0.933,0.925,0.925,0.934,0.925,0.928,0.931,0.934,0.93,0.925,0.927,0.929,0.927,0.914,0.922,0.921,0.931,0.931,0.928,0.915
14-Jun-19,,,,,,,,,,,,,,,,,,,,,,,,,,,,,,,,,,,,
17-Jun-19,0.929,0.925,0.929,0.929,0.918,0.933,0.932,0.928,0.932,0.925,0.928,0.932,0.929,0.909,0.933,0.918,0.93,0.931,0.928,0.929,0.928,0.931,0.934,0.934,0.925,0.924,0.922,0.932,0.927,0.911,0.918,0.919,0.932,0.93,0.927,0.912
17-Jun-19,0.931,0.927,0.931,0.931,0.919,0.934,0.933,0.93,0.934,0.927,0.929,0.933,0.93,0.911,0.934,0.919,0.932,0.933,0.93,0.93,0.93,0.932,0.935,0.936,0.926,0.926,0.924,0.934,0.928,0.912,0.92,0.921,0.933,0.932,0.928,0.913
22-Jun-19,0.425,0.923,0.919,0.463,0.909,0.93,0.799,0.891,0.894,0.921,0.906,0.929,0.901,0.907,0.748,0.917,0.924,0.921,0.834,0.387,0.834,0.88,0.901,0.929,0.925,0.911,0.924,0.724,0.885,0.91,0.917,0.912,0.927,0.921,0.908,0.908
22-Jun-19,0.427,0.926,0.921,0.465,0.911,0.932,0.801,0.9,0.905,0.924,0.91,0.931,0.904,0.909,0.75,0.919,0.926,0.923,0.836,0.388,0.837,0.887,0.907,0.931,0.926,0.914,0.927,0.725,0.888,0.91,0.919,0.914,0.929,0.923,0.91,0.91
24-Jun-19,,,,,,,,,,,,,,,,,,,,,,,,,,,,,,,,,,,,
27-Jun-19,0.92,0.33,0.917,0.919,0.91,0.28,0.921,0.917,0.919,0.255,0.914,0.384,0.92,0.894,0.924,0.745,0.224,0.92,0.918,0.922,0.919,0.917,0.92,0.114,0.919,0.912,0.503,0.922,0.913,0.905,0.911,0.895,0.152,0.919,0.915,0.817
27-Jun-19,0.921,0.33,0.918,0.92,0.91,0.281,0.921,0.917,0.92,0.256,0.914,0.384,0.92,0.894,0.924,0.746,0.224,0.921,0.919,0.923,0.919,0.917,0.92,0.113,0.919,0.912,0.503,0.923,0.914,0.905,0.911,0.896,0.152,0.919,0.916,0.818
02-Jul-19,0.505,0.346,0.923,0.267,0.217,0.889,0.38,0.927,0.927,0.36,0.917,0.89,0.799,0.688,0.427,0.882,0.681,0.913,0.586,0.38,0.507,0.92,0.927,0.911,0.158,0.905,0.322,0.258,0.926,0.409,0.229,0.869,0.92,0.934,0.92,0.858
02-Jul-19,0.505,0.347,0.925,0.266,0.216,0.897,0.38,0.929,0.929,0.359,0.919,0.898,0.801,0.688,0.426,0.886,0.684,0.915,0.586,0.379,0.507,0.922,0.929,0.916,0.157,0.908,0.322,0.256,0.927,0.409,0.226,0.873,0.922,0.936,0.921,0.862
07-Jul-19,0.941,0.944,0.94,0.94,0.932,0.946,0.943,0.937,0.94,0.943,0.935,0.946,0.942,0.925,0.941,0.932,0.945,0.942,0.938,0.943,0.94,0.938,0.941,0.947,0.938,0.935,0.944,0.942,0.934,0.927,0.931,0.932,0.947,0.938,0.934,0.925
07-Jul-19,0.943,0.946,0.942,0.942,0.933,0.948,0.945,0.939,0.942,0.944,0.936,0.948,0.944,0.927,0.943,0.934,0.946,0.944,0.94,0.944,0.942,0.94,0.942,0.949,0.939,0.937,0.946,0.944,0.936,0.928,0.932,0.933,0.948,0.94,0.936,0.927
09-Jul-19,,,,,,,,,,,,,,,,,,,,,,,,,,,,,,,,,,,,
12-Jul-19,-0.018,0.009,-0.028,-0.029,0.038,-0.002,-0.023,-0.042,-0.046,-0.008,-0.029,0.032,-0.036,0.053,-0.029,0.027,-0.006,-0.032,-0.028,-0.012,-0.026,-0.034,-0.034,-0.008,0.029,-0.028,0.008,-0.029,-0.034,0.03,0.021,0.015,-0.015,-0.041,-0.042,0.027
14-Jul-19,,,,,,,,,,,,,,,,,,,,,,,,,,,,,,,,,,,,
14-Jul-19,,,,,,,,,,,,,,,,,,,,,,,,,,,,,,,,,,,,
19-Jul-19,,,,,,,,,,,,,,,,,,,,,,,,,,,,,,,,,,,,
24-Jul-19,,,,,,,,,,,,,,,,,,,,,,,,,,,,,,,,,,,,
24-Jul-19,,,,,,,,,,,,,,,,,,,,,,,,,,,,,,,,,,,,
27-Jul-19,0.892,0.874,0.881,0.888,0.359,0.891,0.891,0.88,0.883,0.871,0.88,0.888,0.884,0.043,0.418,0.074,0.874,0.883,0.362,0.893,0.286,0.882,0.882,0.891,0.203,0.875,0.879,0.375,0.876,0.298,0.239,0.09,0.889,0.882,0.879,0.148
27-Jul-19,0.894,0.876,0.883,0.89,0.358,0.893,0.893,0.882,0.885,0.872,0.881,0.89,0.887,0.041,0.419,0.072,0.876,0.885,0.362,0.895,0.287,0.884,0.884,0.893,0.202,0.877,0.881,0.375,0.878,0.298,0.239,0.088,0.891,0.883,0.88,0.147
29-Jul-19,,,,,,,,,,,,,,,,,,,,,,,,,,,,,,,,,,,,
01-Aug-19,0.923,0.923,0.923,0.926,0.917,0.933,0.928,0.918,0.921,0.924,0.915,0.932,0.925,0.907,0.924,0.91,0.926,0.925,0.921,0.928,0.92,0.918,0.921,0.933,0.924,0.916,0.924,0.923,0.915,0.91,0.915,0.917,0.932,0.921,0.912,0.909
01-Aug-19,0.927,0.927,0.927,0.93,0.921,0.936,0.932,0.922,0.925,0.928,0.918,0.936,0.929,0.911,0.928,0.914,0.93,0.929,0.924,0.932,0.924,0.922,0.925,0.936,0.927,0.92,0.928,0.927,0.919,0.913,0.919,0.921,0.935,0.925,0.915,0.912
06-Aug-19,0.926,0.922,0.917,0.923,0.911,0.93,0.924,0.915,0.918,0.922,0.913,0.928,0.919,0.9,0.92,0.903,0.922,0.919,0.917,0.927,0.92,0.914,0.917,0.93,0.918,0.91,0.922,0.921,0.911,0.905,0.907,0.911,0.929,0.916,0.909,0.898
06-Aug-19,0.932,0.929,0.924,0.93,0.917,0.935,0.931,0.922,0.925,0.929,0.919,0.934,0.926,0.906,0.926,0.909,0.929,0.927,0.923,0.933,0.926,0.92,0.924,0.936,0.924,0.917,0.929,0.928,0.917,0.911,0.913,0.917,0.934,0.922,0.915,0.904
08-Aug-19,,,,,,,,,,,,,,,,,,,,,,,,,,,,,,,,,,,,
11-Aug-19,0.05,0.732,0.057,0.06,0.133,0.841,0.051,0.023,0.033,0.737,0.029,0.714,0.024,0.088,0.038,0.084,0.726,0.057,0.041,0.056,0.117,0.018,0.012,0.884,0.125,0.075,0.611,0.094,0.037,0.139,0.112,0.094,0.79,0.055,0.054,0.087
11-Aug-19,0.044,0.741,0.052,0.053,0.128,0.845,0.045,0.018,0.027,0.745,0.023,0.716,0.018,0.082,0.032,0.078,0.734,0.051,0.035,0.05,0.111,0.013,0.007,0.887,0.121,0.07,0.616,0.087,0.032,0.134,0.108,0.088,0.794,0.049,0.049,0.082
13-Aug-19,,,,,,,,,,,,,,,,,,,,,,,,,,,,,,,,,,,,
18-Aug-19,,,,,,,,,,,,,,,,,,,,,,,,,,,,,,,,,,,,
23-Aug-19,,,,,,,,,,,,,,,,,,,,,,,,,,,,,,,,,,,,
26-Aug-19,0.919,0.916,0.916,0.919,0.908,0.928,0.919,0.911,0.915,0.914,0.905,0.926,0.922,0.897,0.92,0.91,0.919,0.918,0.914,0.923,0.917,0.913,0.915,0.928,0.917,0.909,0.918,0.918,0.906,0.902,0.903,0.911,0.928,0.91,0.9,0.906
26-Aug-19,0.923,0.92,0.919,0.922,0.911,0.931,0.923,0.915,0.919,0.918,0.909,0.928,0.926,0.9,0.923,0.914,0.922,0.922,0.918,0.926,0.921,0.917,0.919,0.931,0.92,0.913,0.922,0.922,0.909,0.905,0.907,0.914,0.93,0.914,0.904,0.909
28-Aug-19,,,,,,,,,,,,,,,,,,,,,,,,,,,,,,,,,,,,
31-Aug-19,0.076,0.032,0.051,0.049,0.319,0.003,0.065,0.643,0.836,0.031,0.137,0.015,0.093,0.703,0.214,0.73,0.02,0.064,0.267,0.047,0.247,0.844,0.685,0.006,0.191,0.048,0.038,0.279,0.161,0.312,0.174,0.688,-0.012,0.161,0.363,0.76
31-Aug-19,0.075,0.031,0.05,0.048,0.319,0.002,0.063,0.645,0.841,0.03,0.136,0.014,0.092,0.712,0.214,0.739,0.019,0.063,0.267,0.045,0.248,0.848,0.687,0.004,0.191,0.047,0.038,0.279,0.161,0.312,0.173,0.696,-0.012,0.16,0.363,0.771
05-Sep-19,0.932,0.932,0.929,0.93,0.914,0.938,0.933,0.925,0.931,0.928,0.914,0.936,0.934,0.906,0.931,0.919,0.934,0.933,0.926,0.934,0.933,0.925,0.928,0.938,0.927,0.921,0.931,0.932,0.913,0.911,0.911,0.918,0.936,0.921,0.904,0.914
05-Sep-19,0.936,0.937,0.934,0.934,0.918,0.941,0.937,0.93,0.935,0.933,0.918,0.939,0.938,0.91,0.934,0.923,0.938,0.937,0.93,0.938,0.937,0.929,0.933,0.941,0.93,0.925,0.935,0.936,0.918,0.913,0.915,0.922,0.94,0.925,0.907,0.917
10-Sep-19,0.809,0.772,0.817,0.797,0.782,0.816,0.799,0.787,0.793,0.777,0.786,0.819,0.825,0.784,0.816,0.761,0.781,0.829,0.803,0.815,0.805,0.789,0.794,0.817,0.743,0.809,0.767,0.811,0.776,0.76,0.771,0.768,0.813,0.79,0.77,0.775
10-Sep-19,0.804,0.766,0.811,0.792,0.775,0.812,0.794,0.782,0.788,0.771,0.781,0.814,0.82,0.778,0.811,0.753,0.776,0.823,0.797,0.809,0.799,0.784,0.788,0.812,0.736,0.804,0.761,0.804,0.771,0.754,0.765,0.763,0.809,0.785,0.766,0.768
17-Sep-19,,,,,,,,,,,,,,,,,,,,,,,,,,,,,,,,,,,,
20-Sep-19,0.843,0.895,0.888,0.801,0.855,0.912,0.815,0.869,0.887,0.897,0.851,0.902,0.862,0.844,0.902,0.848,0.907,0.889,0.893,0.835,0.904,0.876,0.874,0.915,0.893,0.863,0.894,0.908,0.855,0.844,0.854,0.816,0.912,0.883,0.843,0.83
20-Sep-19,0.85,0.903,0.897,0.808,0.867,0.917,0.823,0.878,0.896,0.905,0.858,0.908,0.869,0.857,0.908,0.859,0.915,0.897,0.899,0.842,0.911,0.884,0.882,0.921,0.905,0.871,0.902,0.915,0.863,0.857,0.866,0.827,0.917,0.891,0.849,0.842
25-Sep-19,0.298,0.093,0.253,0.285,0.761,0.851,0.299,0.302,0.276,0.089,0.374,0.874,0.365,0.758,0.719,0.759,0.22,0.313,0.686,0.303,0.665,0.274,0.303,0.525,0.738,0.236,0.078,0.698,0.393,0.72,0.746,0.783,0.81,0.369,0.439,0.729
25-Sep-19,0.295,0.088,0.248,0.282,0.772,0.862,0.295,0.299,0.272,0.084,0.373,0.884,0.364,0.771,0.73,0.771,0.216,0.309,0.696,0.3,0.675,0.271,0.3,0.526,0.746,0.231,0.073,0.71,0.393,0.728,0.755,0.798,0.821,0.368,0.44,0.739
30-Sep-19,0.413,0.239,0.51,0.273,0.195,0.278,0.364,0.403,0.351,0.248,0.112,0.337,0.354,0.241,0.264,0.143,0.169,0.522,0.228,0.337,0.373,0.255,0.246,0.3,0.451,0.449,0.177,0.297,0.133,0.244,0.326,0.11,0.243,0.178,0.204,0.148
30-Sep-19,0.414,0.237,0.513,0.272,0.192,0.275,0.365,0.403,0.348,0.246,0.109,0.335,0.355,0.239,0.261,0.14,0.166,0.525,0.226,0.337,0.374,0.253,0.243,0.298,0.451,0.451,0.174,0.296,0.13,0.242,0.325,0.107,0.24,0.176,0.202,0.145
05-Oct-19,0.894,0.859,0.894,0.891,0.81,0.893,0.899,0.879,0.894,0.875,0.81,0.89,0.925,0.84,0.868,0.868,0.884,0.916,0.853,0.904,0.873,0.875,0.885,0.895,0.867,0.867,0.859,0.883,0.824,0.819,0.831,0.867,0.891,0.854,0.822,0.834
05-Oct-19,0.902,0.87,0.902,0.899,0.816,0.899,0.908,0.888,0.904,0.885,0.818,0.896,0.934,0.848,0.874,0.875,0.894,0.925,0.86,0.912,0.882,0.883,0.894,0.901,0.872,0.875,0.868,0.891,0.832,0.825,0.837,0.874,0.897,0.863,0.83,0.841
15-Oct-19,0.599,0.661,0.633,0.624,0.531,0.699,0.691,0.577,0.64,0.591,0.498,0.621,0.796,0.573,0.572,0.536,0.633,0.794,0.593,0.645,0.66,0.541,0.59,0.666,0.604,0.608,0.544,0.683,0.511,0.532,0.599,0.545,0.665,0.57,0.563,0.522
15-Oct-19,0.602,0.665,0.636,0.626,0.533,0.702,0.695,0.58,0.645,0.595,0.5,0.623,0.8,0.575,0.574,0.539,0.643,0.798,0.595,0.648,0.665,0.543,0.593,0.673,0.606,0.611,0.547,0.687,0.515,0.536,0.602,0.548,0.669,0.574,0.566,0.525
22-Oct-19,,,,,,,,,,,,,,,,,,,,,,,,,,,,,,,,,,,,
01-Nov-19,,,,,,,,,,,,,,,,,,,,,,,,,,,,,,,,,,,,
04-Nov-19,0.502,0.535,0.472,0.47,0.43,0.474,0.484,0.482,0.48,0.528,0.449,0.46,0.472,0.451,0.448,0.411,0.499,0.487,0.46,0.474,0.498,0.468,0.478,0.479,0.435,0.534,0.513,0.482,0.458,0.456,0.411,0.431,0.482,0.459,0.421,0.411
04-Nov-19,0.512,0.553,0.482,0.481,0.436,0.481,0.495,0.494,0.493,0.542,0.459,0.467,0.483,0.461,0.457,0.419,0.51,0.497,0.471,0.485,0.512,0.48,0.489,0.486,0.442,0.545,0.528,0.495,0.471,0.464,0.416,0.44,0.489,0.473,0.431,0.419
06-Nov-19,,,,,,,,,,,,,,,,,,,,,,,,,,,,,,,,,,,,
09-Nov-19,0.356,0.373,0.312,0.308,0.195,0.237,0.335,0.315,0.301,0.365,0.25,0.228,0.34,0.287,0.244,0.217,0.326,0.327,0.281,0.321,0.321,0.301,0.3,0.237,0.206,0.386,0.356,0.31,0.268,0.242,0.173,0.252,0.247,0.292,0.213,0.209
09-Nov-19,0.36,0.38,0.317,0.313,0.195,0.236,0.34,0.32,0.306,0.37,0.254,0.228,0.346,0.291,0.246,0.219,0.328,0.332,0.284,0.325,0.325,0.306,0.304,0.237,0.208,0.392,0.361,0.315,0.272,0.243,0.172,0.255,0.246,0.298,0.215,0.211
16-Nov-19,,,,,,,,,,,,,,,,,,,,,,,,,,,,,,,,,,,,
19-Nov-19,0.02,0.01,0.028,0.017,0.018,0.012,0.019,0.016,0.023,0.004,0.01,0.009,0.014,0.017,0.009,0.025,0.009,0.023,0.012,0.014,0.018,0.021,0.017,0.014,0.023,0.025,0.019,0.015,0.006,0.02,0.023,0.023,0.011,0.007,0.018,0.025
19-Nov-19,0.023,0.014,0.031,0.021,0.021,0.016,0.023,0.018,0.024,0.008,0.012,0.012,0.017,0.02,0.012,0.028,0.013,0.026,0.015,0.017,0.021,0.021,0.018,0.018,0.026,0.029,0.022,0.017,0.008,0.022,0.026,0.026,0.014,0.01,0.021,0.028
26-Nov-19,,,,,,,,,,,,,,,,,,,,,,,,,,,,,,,,,,,,
29-Nov-19,0.251,0.098,0.268,0.212,0.17,0.076,0.28,0.287,0.281,0.113,0.199,0.074,0.22,0.235,0.204,0.199,0.091,0.242,0.203,0.194,0.193,0.288,0.281,0.088,0.19,0.327,0.091,0.195,0.213,0.211,0.157,0.227,0.069,0.246,0.187,0.19
29-Nov-19,0.266,0.1,0.278,0.225,0.173,0.076,0.289,0.299,0.292,0.115,0.206,0.075,0.235,0.243,0.209,0.204,0.093,0.254,0.208,0.208,0.198,0.297,0.29,0.089,0.194,0.34,0.093,0.2,0.223,0.215,0.158,0.234,0.068,0.257,0.194,0.194
19-Dec-19,0.421,0.285,0.365,0.363,0.205,0.258,0.387,0.373,0.364,0.403,0.246,0.258,0.392,0.315,0.306,0.239,0.402,0.383,0.354,0.374,0.381,0.373,0.361,0.251,0.216,0.458,0.248,0.378,0.266,0.257,0.169,0.3,0.264,0.301,0.225,0.228
19-Dec-19,0.4,0.242,0.348,0.344,0.203,0.258,0.366,0.351,0.342,0.366,0.238,0.258,0.374,0.302,0.294,0.235,0.376,0.366,0.335,0.355,0.354,0.352,0.342,0.253,0.217,0.433,0.212,0.356,0.253,0.253,0.169,0.291,0.264,0.284,0.218,0.225
24-Dec-19,0.43,0.265,0.364,0.359,0.211,0.246,0.39,0.372,0.36,0.4,0.254,0.241,0.389,0.324,0.306,0.254,0.414,0.376,0.355,0.376,0.371,0.368,0.361,0.246,0.22,0.449,0.217,0.362,0.282,0.259,0.176,0.307,0.26,0.31,0.231,0.231
24-Dec-19,0.435,0.281,0.369,0.365,0.213,0.25,0.396,0.379,0.367,0.41,0.26,0.245,0.394,0.331,0.31,0.258,0.418,0.382,0.36,0.381,0.378,0.373,0.368,0.251,0.223,0.456,0.232,0.369,0.29,0.263,0.176,0.312,0.265,0.318,0.237,0.234
31-Dec-19,,,,,,,,,,,,,,,,,,,,,,,,,,,,,,,,,,,,
05-Jan-20,,,,,,,,,,,,,,,,,,,,,,,,,,,,,,,,,,,,
08-Jan-20,0.13,0.134,0.138,0.105,0.157,0.166,0.115,0.185,0.172,0.146,0.135,0.179,0.147,0.178,0.102,0.163,0.117,0.149,0.112,0.121,0.104,0.186,0.183,0.165,0.166,0.145,0.125,0.094,0.127,0.176,0.153,0.187,0.161,0.143,0.137,0.157
08-Jan-20,0.114,0.11,0.118,0.09,0.138,0.143,0.099,0.154,0.141,0.123,0.115,0.156,0.126,0.154,0.084,0.143,0.096,0.128,0.091,0.105,0.081,0.154,0.151,0.142,0.147,0.124,0.101,0.074,0.106,0.155,0.136,0.164,0.142,0.118,0.115,0.139
20-Jan-20,,,,,,,,,,,,,,,,,,,,,,,,,,,,,,,,,,,,
30-Jan-20,,,,,,,,,,,,,,,,,,,,,,,,,,,,,,,,,,,,
07-Feb-20,-0.018,-0.038,0.004,-0.001,-0.009,-0.05,-0.006,-0.013,-0.018,-0.028,-0.015,-0.038,-0.025,-0.033,-0.008,-0.012,-0.034,-0.018,-0.001,-0.026,0.033,-0.007,-0.017,-0.057,-0.04,-0.009,-0.045,0.029,-0.006,-0.009,-0.047,-0.004,-0.055,-0.006,-0.026,-0.017
07-Feb-20,-0.016,-0.038,0.004,0.001,-0.005,-0.049,-0.004,-0.011,-0.016,-0.028,-0.013,-0.036,-0.024,-0.031,-0.006,-0.01,-0.034,-0.018,0.001,-0.024,0.036,-0.004,-0.014,-0.055,-0.037,-0.009,-0.044,0.032,-0.005,-0.007,-0.044,-0.001,-0.054,-0.004,-0.025,-0.014
12-Feb-20,0.147,0.314,0.197,0.116,0.144,0.186,0.132,0.156,0.167,0.313,0.091,0.178,0.188,0.219,0.195,0.157,0.196,0.233,0.23,0.134,0.265,0.125,0.143,0.186,0.156,0.21,0.304,0.252,0.094,0.18,0.12,0.188,0.189,0.094,0.082,0.149
12-Feb-20,0.159,0.331,0.21,0.126,0.146,0.19,0.144,0.164,0.175,0.327,0.102,0.182,0.206,0.225,0.199,0.16,0.209,0.25,0.237,0.146,0.276,0.131,0.149,0.19,0.158,0.222,0.317,0.261,0.106,0.184,0.122,0.192,0.193,0.105,0.092,0.151
17-Feb-20,0.28,0.198,0.26,0.242,0.135,0.174,0.272,0.264,0.251,0.284,0.148,0.165,0.287,0.219,0.187,0.153,0.163,0.283,0.225,0.249,0.273,0.241,0.247,0.178,0.151,0.326,0.227,0.247,0.16,0.187,0.118,0.19,0.177,0.167,0.138,0.141
17-Feb-20,0.288,0.204,0.268,0.25,0.138,0.176,0.281,0.274,0.26,0.293,0.152,0.168,0.297,0.225,0.193,0.155,0.166,0.292,0.233,0.256,0.286,0.248,0.255,0.181,0.154,0.336,0.233,0.258,0.167,0.189,0.117,0.193,0.18,0.174,0.142,0.144
19-Feb-20,,,,,,,,,,,,,,,,,,,,,,,,,,,,,,,,,,,,
22-Feb-20,0.259,0.261,0.221,0.215,0.143,0.164,0.242,0.226,0.218,0.257,0.137,0.156,0.248,0.204,0.17,0.15,0.234,0.251,0.186,0.219,0.22,0.205,0.21,0.163,0.149,0.292,0.238,0.209,0.143,0.174,0.115,0.172,0.168,0.148,0.126,0.144
22-Feb-20,0.27,0.282,0.23,0.224,0.145,0.165,0.253,0.239,0.23,0.274,0.141,0.158,0.262,0.214,0.177,0.152,0.249,0.264,0.193,0.229,0.232,0.214,0.22,0.166,0.15,0.306,0.254,0.219,0.149,0.178,0.114,0.177,0.171,0.154,0.13,0.146
24-Feb-20,,,,,,,,,,,,,,,,,,,,,,,,,,,,,,,,,,,,
27-Feb-20,0.014,0.005,0.023,0.011,-0.014,-0.005,0.012,-0.035,-0.032,0.019,-0.02,-0.003,0.023,-0.005,-0.014,0.003,0.011,0.031,-0.016,0.01,-0.011,-0.022,-0.015,0.003,-0.003,0.003,0.007,-0.021,-0.025,-0.031,-0.017,0.008,-0.012,-0.025,0.028,-0.025
27-Feb-20,0.012,0.003,0.022,0.01,-0.016,-0.007,0.01,-0.036,-0.033,0.018,-0.021,-0.005,0.022,-0.007,-0.015,0.001,0.01,0.03,-0.018,0.008,-0.013,-0.023,-0.015,0.001,-0.004,0.002,0.006,-0.022,-0.026,-0.033,-0.019,0.006,-0.013,-0.026,0.026,-0.026
03-Mar-20,0.193,0.25,0.155,0.151,0.08,0.146,0.178,0.166,0.158,0.234,0.077,0.13,0.186,0.161,0.117,0.076,0.207,0.197,0.134,0.156,0.173,0.143,0.15,0.133,0.084,0.236,0.209,0.159,0.079,0.114,0.052,0.11,0.15,0.087,0.068,0.075
03-Mar-20,0.196,0.253,0.157,0.154,0.081,0.148,0.18,0.169,0.162,0.236,0.079,0.132,0.189,0.163,0.119,0.077,0.209,0.199,0.136,0.158,0.176,0.145,0.152,0.133,0.087,0.239,0.212,0.161,0.081,0.115,0.052,0.112,0.15,0.09,0.069,0.077
08-Mar-20,0.181,0.247,0.166,0.146,0.072,0.101,0.172,0.165,0.152,0.224,0.079,0.094,0.202,0.15,0.102,0.089,0.193,0.186,0.127,0.15,0.157,0.143,0.146,0.101,0.092,0.22,0.203,0.146,0.088,0.121,0.055,0.129,0.109,0.095,0.07,0.07
08-Mar-20,0.182,0.249,0.168,0.148,0.074,0.101,0.173,0.169,0.154,0.226,0.081,0.095,0.204,0.152,0.104,0.09,0.195,0.189,0.129,0.151,0.159,0.144,0.148,0.103,0.094,0.224,0.204,0.148,0.091,0.121,0.055,0.13,0.11,0.097,0.072,0.072
13-Mar-20,0,-0.002,0.003,0.003,-0.01,0.001,-0.003,0.01,0.016,-0.001,0.02,-0.004,0.017,-0.01,0.01,0.008,0.006,0.02,0.007,-0.007,0.005,0.006,0.009,0.002,-0.014,0.001,-0.003,0.005,0.014,-0.007,-0.007,0.012,-0.004,0.022,0.016,0.006
18-Mar-20,0.182,0.236,0.179,0.155,0.091,0.119,0.178,0.178,0.163,0.22,0.101,0.113,0.215,0.158,0.118,0.116,0.202,0.196,0.144,0.161,0.165,0.16,0.163,0.124,0.117,0.223,0.198,0.159,0.108,0.142,0.075,0.167,0.131,0.114,0.093,0.09
18-Mar-20,0.185,0.234,0.182,0.159,0.098,0.128,0.182,0.184,0.169,0.219,0.108,0.122,0.216,0.161,0.125,0.123,0.202,0.198,0.15,0.164,0.171,0.166,0.169,0.133,0.125,0.225,0.2,0.165,0.114,0.146,0.083,0.172,0.138,0.121,0.1,0.098
07-Apr-20,0.148,0.15,0.191,0.12,0.108,0.091,0.134,0.123,0.112,0.146,0.098,0.082,0.271,0.227,0.056,0.169,0.133,0.287,0.071,0.122,0.093,0.112,0.114,0.1,0.243,0.158,0.12,0.086,0.112,0.16,0.191,0.153,0.107,0.179,0.125,0.107
07-Apr-20,0.148,0.152,0.192,0.12,0.109,0.092,0.135,0.125,0.113,0.148,0.099,0.082,0.272,0.227,0.056,0.17,0.134,0.289,0.072,0.123,0.094,0.113,0.115,0.102,0.245,0.159,0.122,0.088,0.113,0.159,0.189,0.154,0.108,0.18,0.126,0.107
12-Apr-20,0.139,0.159,0.124,0.109,0.072,0.095,0.128,0.133,0.124,0.154,0.081,0.087,0.152,0.139,0.097,0.101,0.143,0.155,0.109,0.116,0.122,0.118,0.121,0.097,0.106,0.174,0.14,0.119,0.082,0.111,0.065,0.118,0.102,0.089,0.077,0.088
12-Apr-20,0.139,0.155,0.125,0.113,0.078,0.098,0.129,0.133,0.123,0.15,0.084,0.091,0.151,0.14,0.099,0.107,0.139,0.153,0.11,0.118,0.121,0.118,0.12,0.1,0.109,0.172,0.138,0.118,0.084,0.114,0.071,0.122,0.104,0.09,0.08,0.095
12-Apr-20,0.136,0.154,0.126,0.112,0.075,0.097,0.128,0.128,0.119,0.149,0.081,0.09,0.151,0.138,0.096,0.106,0.138,0.151,0.108,0.117,0.118,0.115,0.117,0.099,0.109,0.168,0.137,0.116,0.082,0.114,0.071,0.124,0.103,0.088,0.077,0.092
12-Apr-20,0.136,0.154,0.125,0.11,0.073,0.096,0.126,0.128,0.119,0.149,0.081,0.089,0.152,0.136,0.095,0.104,0.138,0.15,0.107,0.115,0.118,0.114,0.116,0.098,0.108,0.169,0.136,0.116,0.081,0.11,0.068,0.123,0.103,0.088,0.076,0.089
17-Apr-20,0.049,0.061,0.049,0.04,0.037,0.1,0.037,0.036,0.069,0.038,0.036,0.035,0.062,0.026,0.039,0.031,0.096,0.045,0.04,0.07,0.054,0.042,0.023,0.052,0.109,0.035,0.091,0.056,0.034,0.072,0.161,0.029,0.065,0.028,0.029,0.027
17-Apr-20,0.042,0.053,0.041,0.032,0.029,0.093,0.029,0.028,0.061,0.03,0.027,0.027,0.054,0.018,0.03,0.023,0.089,0.037,0.032,0.062,0.045,0.034,0.015,0.045,0.103,0.027,0.084,0.048,0.025,0.063,0.157,0.021,0.058,0.019,0.021,0.018
19-Apr-20,,,,,,,,,,,,,,,,,,,,,,,,,,,,,,,,,,,,
22-Apr-20,0.038,0.154,0.018,0.038,0.043,0.134,0.04,0.017,0.013,0.165,0.024,0.134,0.014,0.066,0.099,0.067,0.163,0.025,0.104,0.033,0.109,0.019,0.018,0.139,0.024,0.019,0.14,0.112,0.017,0.037,0.064,0.078,0.136,0.023,0.026,0.1
22-Apr-20,0.044,0.169,0.023,0.043,0.05,0.145,0.046,0.022,0.017,0.181,0.03,0.144,0.02,0.074,0.107,0.076,0.178,0.03,0.113,0.039,0.12,0.024,0.022,0.149,0.031,0.024,0.153,0.122,0.022,0.044,0.072,0.088,0.148,0.029,0.032,0.111
02-May-20,0.361,0.192,0.342,0.335,0.322,0.33,0.354,0.371,0.363,0.229,0.366,0.305,0.368,0.365,0.194,0.331,0.328,0.362,0.155,0.341,0.115,0.358,0.362,0.357,0.345,0.391,0.167,0.122,0.367,0.358,0.309,0.355,0.353,0.367,0.321,0.329
02-May-20,0.363,0.193,0.345,0.337,0.324,0.332,0.357,0.375,0.367,0.231,0.369,0.307,0.372,0.367,0.195,0.333,0.332,0.365,0.155,0.343,0.114,0.361,0.365,0.36,0.347,0.395,0.167,0.121,0.371,0.359,0.309,0.356,0.355,0.37,0.324,0.33
07-May-20,0.373,0.389,0.372,0.348,0.318,0.371,0.369,0.386,0.373,0.387,0.365,0.357,0.392,0.367,0.335,0.342,0.378,0.373,0.351,0.357,0.331,0.37,0.371,0.382,0.359,0.396,0.37,0.344,0.369,0.364,0.313,0.375,0.386,0.372,0.33,0.329
07-May-20,0.376,0.391,0.373,0.351,0.32,0.373,0.372,0.389,0.375,0.389,0.366,0.359,0.394,0.369,0.337,0.344,0.381,0.374,0.353,0.359,0.333,0.371,0.374,0.385,0.362,0.399,0.373,0.347,0.371,0.364,0.312,0.378,0.388,0.373,0.332,0.331
12-May-20,0.092,0.09,0.084,0.079,0.084,0.094,0.076,0.095,0.092,0.089,0.084,0.094,0.084,0.084,0.085,0.081,0.094,0.081,0.087,0.089,0.088,0.095,0.099,0.095,0.068,0.088,0.083,0.092,0.078,0.076,0.07,0.079,0.097,0.075,0.08,0.076
12-May-20,0.088,0.086,0.08,0.075,0.081,0.091,0.072,0.091,0.089,0.085,0.081,0.091,0.081,0.081,0.081,0.077,0.091,0.078,0.084,0.085,0.084,0.092,0.096,0.092,0.065,0.084,0.079,0.089,0.075,0.072,0.066,0.076,0.094,0.072,0.076,0.072
14-May-20,,,,,,,,,,,,,,,,,,,,,,,,,,0.378,,,,,,,,,,
14-May-20,,,,,,,,,,,,,,,,,,,,,,,,,,0.384,,,,,,,,,,
17-May-20,0.102,0.023,0.126,0.065,0.056,0.005,0.089,0.007,0.004,0.007,0.015,0.007,0.131,0.091,0.004,0.003,0.01,0.088,0.01,0.158,0.003,0.006,0.006,-0.001,0.111,0.096,0.031,0.013,0.022,0.11,0.073,0.044,0.001,0.021,0.04,0.044
19-May-20,,,,,,,,,,,,,,,,,,,,,,,,,,,,,,,,,,,,
22-May-20,0.841,0.638,0.781,0.842,0.766,0.613,0.844,0.742,0.743,0.644,0.761,0.613,0.695,0.759,0.529,0.745,0.647,0.696,0.562,0.846,0.548,0.741,0.731,0.604,0.786,0.803,0.637,0.548,0.783,0.777,0.779,0.75,0.604,0.785,0.764,0.745
22-May-20,0.847,0.642,0.786,0.847,0.771,0.618,0.85,0.748,0.749,0.647,0.766,0.618,0.699,0.764,0.532,0.749,0.651,0.7,0.565,0.851,0.551,0.747,0.737,0.609,0.79,0.809,0.641,0.552,0.788,0.78,0.783,0.754,0.609,0.789,0.768,0.749
24-May-20,,,0.854,,,,,,,,,,,,,,,,,,,,,,,0.867,,,,,,,,,,
24-May-20,,,0.856,,,,,,,,,,,,,,,,,,,,,,,0.87,,,,,,,,,,
27-May-20,0.891,0.869,0.873,0.9,0.876,0.862,0.895,0.877,0.879,0.872,0.868,0.86,0.845,0.863,0.842,0.849,0.87,0.826,0.855,0.894,0.865,0.879,0.878,0.852,0.879,0.885,0.869,0.864,0.87,0.865,0.872,0.865,0.848,0.872,0.87,0.849
27-May-20,0.896,0.874,0.878,0.904,0.88,0.866,0.899,0.882,0.884,0.877,0.872,0.865,0.85,0.867,0.847,0.854,0.875,0.831,0.86,0.899,0.869,0.885,0.883,0.856,0.883,0.89,0.874,0.869,0.875,0.867,0.876,0.869,0.852,0.877,0.874,0.853
29-May-20,,,,,,,,,,,,,,,,,,,,,,,,,,,,,,,,,,,,
01-Jun-20,0.286,0.028,0.177,0.274,0.057,0.015,0.227,0.117,0.136,0.035,0.105,0.007,0.156,0.052,0.3,0.051,0.032,0.147,0.221,0.183,0.148,0.131,0.135,0,0.097,0.189,0.027,0.183,0.142,0.041,0.05,0.061,-0.002,0.193,0.194,0.054
01-Jun-20,0.281,0.025,0.172,0.269,0.054,0.012,0.223,0.113,0.132,0.031,0.102,0.004,0.151,0.049,0.297,0.048,0.029,0.142,0.218,0.177,0.145,0.127,0.13,-0.003,0.093,0.184,0.024,0.18,0.138,0.038,0.046,0.057,-0.006,0.189,0.19,0.051
06-Jun-20,-0.026,-0.042,-0.01,-0.03,-0.062,-0.067,-0.024,-0.009,-0.023,-0.031,-0.024,-0.07,-0.033,-0.065,-0.021,-0.051,-0.017,-0.019,-0.018,-0.028,-0.022,-0.012,-0.013,-0.042,0.018,-0.018,-0.07,-0.013,-0.028,-0.037,-0.028,-0.054,-0.063,-0.022,-0.019,-0.048
06-Jun-20,-0.028,-0.044,-0.013,-0.033,-0.066,-0.07,-0.027,-0.012,-0.026,-0.033,-0.027,-0.073,-0.035,-0.067,-0.023,-0.054,-0.02,-0.021,-0.02,-0.031,-0.024,-0.015,-0.017,-0.045,0.014,-0.021,-0.072,-0.016,-0.031,-0.04,-0.031,-0.056,-0.065,-0.026,-0.022,-0.05
08-Jun-20,,,,,,,,,,,,,,,,,,,,,,,,,,,,,,,,,,,,
13-Jun-20,,,,,,,,,,,,,,,,,,,,,,,,,,,,,,,,,,,,
16-Jun-20,0.926,0.927,0.922,0.928,0.917,0.933,0.927,0.924,0.925,0.926,0.91,0.931,0.924,0.907,0.922,0.913,0.928,0.923,0.92,0.929,0.92,0.923,0.926,0.933,0.923,0.919,0.927,0.924,0.913,0.909,0.919,0.914,0.932,0.918,0.912,0.91
16-Jun-20,0.928,0.93,0.925,0.93,0.919,0.935,0.93,0.926,0.928,0.928,0.912,0.933,0.926,0.909,0.924,0.915,0.93,0.926,0.922,0.931,0.923,0.925,0.929,0.935,0.925,0.922,0.93,0.926,0.916,0.911,0.921,0.916,0.934,0.92,0.914,0.912
18-Jun-20,,,,,,,,,,,,,,,,,,,,,,,,,,,,,,,,,,,,
21-Jun-20,0.907,0.892,0.901,0.91,0.022,0.226,0.909,0.905,0.906,0.872,0.89,0.28,0.897,0.203,0.733,0.855,0.545,0.897,0.772,0.91,0.763,0.904,0.905,0.205,-0.008,0.898,0.898,0.743,0.893,0.006,0.001,0.869,0.406,0.894,0.89,0.857
21-Jun-20,0.909,0.894,0.903,0.912,0.021,0.226,0.911,0.907,0.908,0.873,0.893,0.28,0.899,0.202,0.738,0.857,0.545,0.899,0.778,0.912,0.768,0.906,0.907,0.205,-0.01,0.9,0.899,0.747,0.895,0.005,0,0.87,0.407,0.896,0.892,0.858
23-Jun-20,,,,,,,,,,,,,,,,,,,,,,,,,,,,,,,,,,,,
26-Jun-20,0.244,0.908,0.888,0.539,0.871,0.919,0.315,0.823,0.808,0.909,0.899,0.917,0.89,0.412,0.379,0.432,0.909,0.893,0.248,0.444,0.145,0.802,0.828,0.919,0.828,0.888,0.909,0.185,0.901,0.876,0.827,0.634,0.917,0.905,0.903,0.613
26-Jun-20,0.241,0.912,0.893,0.539,0.874,0.923,0.313,0.837,0.822,0.913,0.903,0.921,0.895,0.411,0.377,0.43,0.913,0.897,0.245,0.443,0.143,0.814,0.842,0.922,0.839,0.893,0.913,0.183,0.905,0.881,0.838,0.638,0.921,0.909,0.907,0.614
01-Jul-20,0.025,0.012,0.023,0.004,0.018,0.003,0.01,0.019,0.019,0.022,0.011,0.011,0.013,0.06,0.021,-0.01,0.01,0.014,-0.016,0.022,0.018,0.004,0.004,0.02,0.055,0.018,0.024,-0.001,0.016,0.024,0.01,0.018,0.006,0.006,0.005,-0.003
01-Jul-20,0.025,0.01,0.023,0.004,0.017,0.003,0.011,0.018,0.018,0.021,0.01,0.011,0.013,0.059,0.02,-0.01,0.009,0.013,-0.017,0.022,0.016,0.003,0.003,0.02,0.055,0.017,0.023,-0.001,0.015,0.024,0.01,0.018,0.006,0.006,0.004,-0.003
06-Jul-20,0.931,0.919,0.925,0.931,0.677,0.356,0.932,0.925,0.926,0.91,0.914,0.508,0.924,0.885,0.906,0.913,0.856,0.924,0.912,0.933,0.858,0.924,0.926,0.2,0.926,0.922,0.918,0.883,0.915,0.91,0.92,0.916,0.287,0.918,0.912,0.902
06-Jul-20,0.933,0.92,0.927,0.933,0.68,0.356,0.934,0.927,0.928,0.912,0.916,0.508,0.927,0.887,0.908,0.916,0.86,0.926,0.914,0.936,0.86,0.926,0.928,0.199,0.928,0.925,0.919,0.885,0.918,0.912,0.922,0.919,0.286,0.92,0.914,0.904
11-Jul-20,-0.04,-0.049,-0.05,-0.045,-0.048,-0.054,-0.042,-0.048,-0.042,-0.05,-0.041,-0.053,-0.036,-0.041,-0.047,-0.035,-0.046,-0.029,-0.047,-0.039,-0.05,-0.047,-0.049,-0.047,-0.047,-0.049,-0.051,-0.052,-0.035,-0.043,-0.045,-0.036,-0.047,-0.04,-0.045,-0.038
11-Jul-20,-0.038,-0.047,-0.048,-0.043,-0.045,-0.051,-0.04,-0.046,-0.039,-0.048,-0.039,-0.051,-0.033,-0.038,-0.045,-0.032,-0.044,-0.027,-0.045,-0.036,-0.048,-0.044,-0.047,-0.044,-0.045,-0.046,-0.05,-0.051,-0.033,-0.04,-0.043,-0.033,-0.044,-0.038,-0.042,-0.034
13-Jul-20,,,,,,,,,,,,,,,,,,,,,,,,,,,,,,,,,,,,
16-Jul-20,-0.011,-0.001,-0.008,-0.01,-0.005,-0.01,-0.011,0.01,0.011,-0.002,0.009,-0.011,-0.009,-0.002,0.005,-0.007,-0.008,-0.006,0.002,-0.015,0.016,0.01,0.007,-0.012,0.001,-0.006,-0.006,0.014,0.01,-0.002,-0.001,-0.005,-0.009,0.013,0.007,-0.006
21-Jul-20,0.223,0.018,0.345,0.157,0.061,0.652,0.173,0.043,0.073,0.017,0.014,0.71,0.238,0.077,0.019,0.02,0.018,0.401,0.01,0.2,0,0.076,0.051,0.548,0.031,0.378,0.019,-0.009,0.033,0.04,0.057,0.059,0.486,0.023,0.015,0.021
21-Jul-20,0.22,0.014,0.344,0.154,0.058,0.658,0.171,0.04,0.07,0.014,0.009,0.719,0.235,0.073,0.015,0.016,0.015,0.401,0.006,0.198,-0.004,0.073,0.048,0.55,0.027,0.377,0.015,-0.013,0.029,0.037,0.054,0.056,0.486,0.019,0.011,0.018
26-Jul-20,0.198,0.143,0.566,0.178,0.157,0.093,0.245,0.412,0.527,0.124,0.092,0.074,0.404,0.075,0.105,0.127,0.129,0.612,0.083,0.196,0.078,0.595,0.431,0.071,0.087,0.374,0.145,0.098,0.128,0.092,0.067,0.228,0.107,0.121,0.129,0.114
26-Jul-20,0.195,0.141,0.558,0.176,0.154,0.09,0.242,0.408,0.524,0.122,0.09,0.071,0.399,0.073,0.103,0.125,0.126,0.604,0.082,0.194,0.077,0.586,0.427,0.068,0.086,0.368,0.143,0.096,0.125,0.09,0.065,0.225,0.104,0.119,0.127,0.112
31-Jul-20,0.926,0.922,0.923,0.927,0.915,0.932,0.928,0.921,0.923,0.921,0.906,0.93,0.921,0.903,0.921,0.911,0.925,0.92,0.92,0.93,0.923,0.922,0.922,0.93,0.922,0.918,0.925,0.923,0.91,0.91,0.916,0.914,0.929,0.91,0.905,0.907
31-Jul-20,0.929,0.926,0.926,0.93,0.917,0.934,0.931,0.924,0.926,0.924,0.91,0.933,0.924,0.906,0.924,0.914,0.928,0.923,0.923,0.932,0.926,0.925,0.925,0.933,0.924,0.921,0.928,0.926,0.913,0.912,0.918,0.917,0.931,0.913,0.908,0.91
05-Aug-20,0.039,0.811,0.874,0.109,0.456,0.861,0.029,0.7,0.871,0.807,0.872,0.858,0.866,0.089,0.888,0.73,0.827,0.873,0.884,0.028,0.884,0.849,0.672,0.868,0.85,0.873,0.815,0.887,0.873,0.795,0.828,0.837,0.862,0.88,0.869,0.654
05-Aug-20,0.038,0.815,0.877,0.108,0.458,0.863,0.028,0.702,0.874,0.811,0.874,0.86,0.868,0.088,0.891,0.731,0.83,0.875,0.887,0.027,0.887,0.851,0.674,0.871,0.852,0.875,0.819,0.89,0.875,0.798,0.83,0.84,0.864,0.883,0.872,0.656
10-Aug-20,0.912,0.569,0.907,0.912,0.399,0.167,0.915,0.108,0.072,0.516,0.357,0.144,0.909,0.443,0.231,0.409,0.856,0.907,0.286,0.915,0.228,0.091,0.103,0.256,0.284,0.903,0.798,0.248,0.583,0.252,0.184,0.325,0.41,0.832,0.739,0.366
10-Aug-20,0.915,0.573,0.91,0.915,0.401,0.167,0.918,0.107,0.072,0.52,0.357,0.144,0.912,0.446,0.231,0.41,0.866,0.91,0.286,0.917,0.228,0.09,0.102,0.257,0.287,0.906,0.806,0.248,0.588,0.252,0.184,0.326,0.412,0.84,0.745,0.367
12-Aug-20,,,,,,,,,,,,,,,,,,,,,,,,,,,,,,,,,,,,
15-Aug-20,-0.001,0.036,0.011,-0.003,0.008,0.072,0.001,0,0.005,0.044,0.007,0.064,0.015,0,0.027,0.003,0.061,0.011,0.014,-0.001,0.018,0.007,0.004,0.023,0.016,0.005,0.032,0.009,0.005,0.01,0.013,0.005,0.05,0.002,-0.001,-0.001
20-Aug-20,0.932,0.934,0.929,0.935,0.923,0.939,0.935,0.929,0.932,0.931,0.914,0.938,0.931,0.912,0.93,0.919,0.934,0.928,0.927,0.935,0.93,0.929,0.93,0.939,0.931,0.923,0.932,0.932,0.916,0.918,0.924,0.922,0.938,0.919,0.907,0.915
20-Aug-20,0.937,0.94,0.935,0.941,0.928,0.944,0.941,0.934,0.938,0.937,0.92,0.943,0.937,0.918,0.935,0.924,0.94,0.934,0.932,0.941,0.936,0.935,0.936,0.943,0.936,0.929,0.938,0.938,0.922,0.923,0.929,0.928,0.943,0.925,0.912,0.921
22-Aug-20,,,,,,,,,,,,,,,,,,,,,,,,,,,,,,,,,,,,
25-Aug-20,0.079,0.881,0.095,0.026,0.878,0.903,0.049,0.37,0.405,0.881,0.01,0.903,0.048,0.868,0.845,0.825,0.888,0.081,0.857,0.066,0.861,0.34,0.448,0.904,0.868,0.154,0.882,0.865,0.015,0.868,0.873,0.849,0.901,0.008,0.021,0.663
30-Aug-20,0.777,0.002,0.198,0.759,-0.001,0.001,0.584,0.555,0.748,-0.01,0.513,0.004,0.077,-0.006,0.025,-0.008,-0.004,0.115,0.037,0.791,0.036,0.752,0.717,-0.005,0.002,0.306,0.007,0.03,0.191,0.002,0.009,-0.012,-0.004,0.129,0.175,-0.016
30-Aug-20,0.782,0.002,0.2,0.763,-0.001,0.001,0.588,0.558,0.755,-0.01,0.517,0.004,0.078,-0.006,0.025,-0.008,-0.004,0.116,0.038,0.796,0.036,0.758,0.723,-0.005,0.002,0.308,0.007,0.03,0.193,0.002,0.009,-0.012,-0.004,0.131,0.176,-0.016
04-Sep-20,0.929,0.927,0.925,0.929,0.914,0.933,0.931,0.921,0.926,0.926,0.901,0.933,0.925,0.9,0.922,0.91,0.932,0.924,0.916,0.931,0.921,0.922,0.924,0.93,0.928,0.919,0.927,0.922,0.901,0.908,0.919,0.914,0.93,0.913,0.892,0.904
04-Sep-20,0.932,0.93,0.928,0.932,0.917,0.934,0.933,0.924,0.929,0.929,0.903,0.935,0.927,0.903,0.925,0.912,0.934,0.926,0.919,0.933,0.924,0.924,0.927,0.932,0.931,0.922,0.93,0.925,0.905,0.91,0.921,0.917,0.931,0.916,0.894,0.906
06-Sep-20,,,,,,,,,,,,,,,,,,,,,,,,,,,,,,,,,,,,
09-Sep-20,0.916,0.908,0.91,0.916,0.895,0.923,0.918,0.903,0.906,0.908,0.878,0.92,0.912,0.875,0.903,0.897,0.913,0.911,0.897,0.918,0.905,0.903,0.904,0.919,0.91,0.902,0.909,0.905,0.878,0.892,0.9,0.897,0.919,0.882,0.865,0.889
09-Sep-20,0.913,0.905,0.907,0.913,0.893,0.921,0.916,0.9,0.903,0.906,0.876,0.918,0.909,0.873,0.9,0.895,0.91,0.908,0.895,0.915,0.903,0.901,0.902,0.917,0.907,0.899,0.906,0.902,0.875,0.889,0.898,0.895,0.917,0.879,0.863,0.887
11-Sep-20,,,,,,,,,,,,,,,,,,,,,,,,,,,,,,,,,,,,
14-Sep-20,0.746,0.85,0.126,0.754,0.836,0.877,0.747,0.622,0.55,0.848,0.82,0.875,0.109,0.821,0.507,0.846,0.865,0.131,0.469,0.749,0.769,0.454,0.598,0.876,0.862,0.227,0.854,0.622,0.823,0.831,0.848,0.845,0.871,0.86,0.833,0.837
14-Sep-20,0.747,0.852,0.122,0.755,0.837,0.878,0.748,0.622,0.551,0.849,0.821,0.876,0.105,0.823,0.507,0.847,0.866,0.127,0.468,0.75,0.769,0.452,0.597,0.877,0.863,0.224,0.855,0.623,0.824,0.832,0.849,0.846,0.872,0.861,0.834,0.839
16-Sep-20,,,,,,,,,,,,,,,,,,,,,,,,,,,,,,,,,,,,
19-Sep-20,0.914,0.904,0.909,0.913,0.89,0.917,0.914,0.905,0.909,0.907,0.88,0.918,0.917,0.88,0.901,0.9,0.915,0.915,0.898,0.918,0.907,0.905,0.908,0.914,0.912,0.901,0.904,0.909,0.877,0.887,0.899,0.901,0.912,0.887,0.864,0.89
19-Sep-20,0.921,0.913,0.916,0.921,0.897,0.923,0.922,0.913,0.917,0.915,0.887,0.924,0.925,0.888,0.908,0.907,0.922,0.923,0.905,0.925,0.914,0.913,0.915,0.92,0.918,0.909,0.912,0.916,0.884,0.893,0.906,0.908,0.918,0.895,0.87,0.896
21-Sep-20,,,,,,,,,,,,,,,,,,,,,,,,,,,,,,,,,,,,
24-Sep-20,0.044,0.558,0.346,0.102,0.274,0.662,0.101,0.488,0.511,0.594,0.394,0.662,0.469,0.108,0.493,0.1,0.634,0.484,0.456,0.042,0.462,0.447,0.428,0.649,0.336,0.189,0.545,0.439,0.35,0.286,0.307,0.13,0.657,0.322,0.284,0.116
24-Sep-20,0.046,0.553,0.344,0.103,0.275,0.656,0.102,0.484,0.507,0.589,0.391,0.657,0.465,0.11,0.489,0.102,0.628,0.48,0.453,0.044,0.46,0.443,0.425,0.645,0.336,0.19,0.541,0.435,0.347,0.286,0.307,0.132,0.652,0.321,0.284,0.117
26-Sep-20,,,,,,,,,,,,,,,,,,,,,,,,,,,,,,,,,,,,
29-Sep-20,0.241,0.596,0.326,0.278,0.709,0.651,0.262,0.667,0.664,0.617,0.437,0.608,0.354,0.658,0.614,0.68,0.661,0.249,0.669,0.266,0.669,0.665,0.689,0.66,0.751,0.333,0.563,0.67,0.474,0.718,0.727,0.592,0.658,0.521,0.64,0.683
29-Sep-20,0.241,0.601,0.326,0.278,0.713,0.655,0.262,0.676,0.675,0.622,0.44,0.611,0.354,0.661,0.617,0.684,0.665,0.249,0.674,0.266,0.674,0.674,0.698,0.664,0.754,0.334,0.567,0.674,0.477,0.721,0.73,0.595,0.662,0.524,0.646,0.686
01-Oct-20,,,,,,,,,,,,,,,,,,,,,,,,,,,,,,,,,,,,
04-Oct-20,0.548,0.491,0.678,0.51,0.351,0.313,0.512,0.648,0.631,0.34,0.536,0.39,0.672,0.323,0.519,0.324,0.244,0.751,0.535,0.54,0.514,0.633,0.661,0.322,0.465,0.644,0.392,0.549,0.55,0.376,0.444,0.302,0.233,0.542,0.542,0.327
04-Oct-20,0.548,0.492,0.675,0.509,0.352,0.314,0.512,0.646,0.629,0.341,0.535,0.391,0.67,0.325,0.519,0.326,0.246,0.748,0.534,0.539,0.515,0.632,0.659,0.325,0.466,0.641,0.394,0.549,0.548,0.377,0.444,0.304,0.235,0.541,0.541,0.329
09-Oct-20,0.748,0.627,0.773,0.765,0.683,0.672,0.771,0.742,0.758,0.671,0.68,0.672,0.883,0.755,0.585,0.744,0.699,0.873,0.681,0.775,0.66,0.729,0.736,0.654,0.737,0.734,0.589,0.691,0.733,0.698,0.741,0.749,0.664,0.724,0.758,0.735
09-Oct-20,0.752,0.633,0.777,0.769,0.685,0.675,0.775,0.749,0.765,0.676,0.684,0.675,0.887,0.759,0.59,0.748,0.704,0.878,0.687,0.778,0.665,0.738,0.743,0.658,0.74,0.738,0.594,0.697,0.738,0.702,0.743,0.753,0.668,0.728,0.763,0.738
11-Oct-20,,,,,,,,,,,,,,,,,,,,,,,,,,,,,,,,,,,,
14-Oct-20,0.624,0.587,0.667,0.639,0.559,0.576,0.661,0.604,0.655,0.577,0.542,0.561,0.817,0.611,0.505,0.572,0.596,0.823,0.573,0.647,0.584,0.551,0.611,0.571,0.59,0.615,0.528,0.595,0.577,0.56,0.615,0.555,0.574,0.613,0.623,0.56
14-Oct-20,0.628,0.597,0.672,0.642,0.562,0.58,0.667,0.608,0.663,0.583,0.545,0.565,0.824,0.615,0.511,0.576,0.603,0.829,0.578,0.652,0.591,0.553,0.615,0.577,0.593,0.619,0.535,0.603,0.581,0.564,0.618,0.558,0.579,0.619,0.627,0.562
31-Oct-20,,,,,,,,,,,,,,,,,,,,,,,,,,0.502,,,,,,,,,,
31-Oct-20,,,,,,,,,,,,,,,,,,,,,,,,,,0.51,,,,,,,,,,
03-Nov-20,0.07,0.133,0.23,0.058,0.198,0.159,0.135,0.258,0.306,0.15,0.257,0.155,0.217,0.254,0.228,0.224,0.147,0.222,0.23,0.066,0.234,0.288,0.246,0.169,0.219,0.265,0.125,0.267,0.286,0.236,0.202,0.179,0.181,0.291,0.237,0.237
03-Nov-20,0.072,0.159,0.246,0.06,0.208,0.196,0.141,0.282,0.324,0.178,0.276,0.192,0.234,0.268,0.239,0.243,0.177,0.237,0.242,0.068,0.247,0.305,0.274,0.207,0.229,0.284,0.15,0.282,0.304,0.249,0.21,0.201,0.221,0.309,0.251,0.255
05-Nov-20,,,,,,,,,,,,,,,,,,,,,,,,,,,,,,,,,,,,
08-Nov-20,0.403,0.41,0.373,0.373,0.371,0.411,0.382,0.373,0.369,0.424,0.372,0.404,0.384,0.372,0.391,0.351,0.417,0.382,0.396,0.375,0.405,0.356,0.369,0.418,0.364,0.424,0.402,0.399,0.367,0.367,0.352,0.354,0.421,0.358,0.35,0.348
08-Nov-20,0.403,0.408,0.372,0.372,0.37,0.411,0.381,0.374,0.37,0.421,0.371,0.404,0.383,0.372,0.391,0.351,0.416,0.381,0.395,0.375,0.404,0.356,0.369,0.418,0.364,0.422,0.4,0.398,0.366,0.367,0.351,0.354,0.42,0.357,0.35,0.347
10-Nov-20,,,,,,,,,,,,,,,,,,,,,,,,,,0.492,,,,,,,,,,
10-Nov-20,,,,,,,,,,,,,,,,,,,,,,,,,,0.499,,,,,,,,,,
10-Nov-20,,,,,,,,,,,,,,,,,,,,,,,,,,0.493,,,,,,,,,,
10-Nov-20,,,,,,,,,,,,,,,,,,,,,,,,,,0.501,,,,,,,,,,
18-Nov-20,0.101,0.161,0.092,0.078,0.12,0.193,0.063,0.076,0.077,0.173,0.069,0.182,0.08,0.154,0.032,0.162,0.177,0.081,0.034,0.096,0.032,0.089,0.093,0.183,0.133,0.099,0.133,0.032,0.071,0.117,0.109,0.179,0.186,0.059,0.084,0.183
18-Nov-20,0.102,0.164,0.094,0.078,0.123,0.197,0.064,0.078,0.079,0.175,0.071,0.187,0.081,0.159,0.033,0.168,0.18,0.083,0.034,0.096,0.033,0.091,0.095,0.186,0.137,0.101,0.136,0.033,0.072,0.121,0.114,0.185,0.191,0.06,0.084,0.189
03-Dec-20,0.171,0.081,0.125,0.151,0.209,0.132,0.159,0.092,0.097,0.1,0.098,0.11,0.157,0.228,0.1,0.183,0.094,0.134,0.087,0.18,0.124,0.067,0.075,0.094,0.205,0.111,0.084,0.108,0.074,0.19,0.191,0.213,0.117,0.078,0.075,0.207
03-Dec-20,0.172,0.081,0.125,0.151,0.211,0.132,0.161,0.093,0.099,0.1,0.098,0.11,0.158,0.23,0.1,0.185,0.093,0.134,0.087,0.181,0.124,0.067,0.076,0.094,0.206,0.112,0.084,0.108,0.074,0.192,0.192,0.214,0.117,0.078,0.075,0.209
08-Dec-20,0.32,0.243,0.301,0.285,0.157,0.193,0.3,0.208,0.199,0.285,0.183,0.173,0.313,0.211,0.219,0.169,0.269,0.31,0.243,0.3,0.261,0.203,0.205,0.19,0.157,0.355,0.248,0.256,0.182,0.165,0.122,0.196,0.196,0.198,0.176,0.18
10-Dec-20,,,,,,,,,,,,,,,,,,,,,,,,,,,,,,,,,,,,
15-Dec-20,,,,,,,,,,,,,,,,,,,,,,,,,,,,,,,,,,,,
18-Dec-20,0.422,0.446,0.406,0.436,0.204,0.271,0.442,0.415,0.424,0.487,0.245,0.271,0.401,0.321,0.333,0.231,0.461,0.395,0.418,0.426,0.463,0.415,0.41,0.257,0.199,0.463,0.402,0.452,0.266,0.243,0.173,0.299,0.273,0.318,0.251,0.214
18-Dec-20,0.399,0.345,0.383,0.406,0.201,0.269,0.41,0.388,0.395,0.433,0.235,0.268,0.379,0.304,0.318,0.225,0.429,0.374,0.394,0.4,0.428,0.388,0.385,0.256,0.201,0.437,0.316,0.42,0.25,0.238,0.171,0.287,0.27,0.295,0.24,0.211
23-Dec-20,0.432,0.298,0.385,0.375,0.186,0.249,0.402,0.396,0.388,0.436,0.22,0.25,0.408,0.315,0.324,0.238,0.424,0.376,0.39,0.39,0.41,0.388,0.384,0.24,0.197,0.469,0.289,0.41,0.248,0.243,0.154,0.298,0.257,0.282,0.215,0.211
23-Dec-20,0.435,0.316,0.388,0.379,0.19,0.251,0.406,0.402,0.393,0.445,0.223,0.252,0.412,0.319,0.329,0.24,0.429,0.381,0.395,0.394,0.416,0.391,0.388,0.242,0.199,0.474,0.304,0.416,0.252,0.243,0.152,0.3,0.259,0.287,0.218,0.212
07-Jan-21,0.264,0.148,0.226,0.214,0.155,0.189,0.229,0.236,0.229,0.162,0.165,0.175,0.231,0.203,0.203,0.163,0.19,0.226,0.228,0.234,0.237,0.225,0.222,0.195,0.163,0.267,0.17,0.222,0.175,0.187,0.142,0.192,0.202,0.186,0.149,0.154
07-Jan-21,0.258,0.147,0.223,0.211,0.154,0.19,0.226,0.232,0.224,0.161,0.164,0.176,0.228,0.202,0.2,0.164,0.189,0.223,0.224,0.23,0.232,0.22,0.218,0.196,0.165,0.263,0.168,0.217,0.173,0.187,0.142,0.192,0.203,0.183,0.148,0.156
09-Jan-21,,,,,,,,,,,,,,,,,,,,,,,,,,,,,,,,,,,,
12-Jan-21,0.034,0.103,0.022,0.012,0.064,0.037,0.043,0.02,0.025,0.081,0.017,0.038,0.035,0.051,0.083,0.061,0.072,0.019,0.073,0.035,0.087,0.024,0.024,0.056,0.08,0.032,0.11,0.068,0.011,0.073,0.055,0.155,0.059,0.004,0.012,0.081
12-Jan-21,0.038,0.107,0.027,0.017,0.067,0.041,0.047,0.024,0.03,0.085,0.022,0.042,0.039,0.055,0.087,0.065,0.075,0.024,0.078,0.039,0.092,0.028,0.028,0.06,0.084,0.036,0.113,0.072,0.016,0.077,0.059,0.157,0.062,0.009,0.017,0.085
17-Jan-21,0.009,-0.007,0.001,-0.021,0.045,-0.024,0.004,0.075,0.074,0,0.061,-0.013,0.023,0.059,0.009,0.018,0.003,0.008,-0.001,0.026,-0.011,0.117,0.081,-0.003,0.1,0.002,-0.011,-0.002,0.078,0.037,0.055,0.055,-0.003,0.063,0.099,0.026
19-Jan-21,,,0.057,,,,,,,,,,0.051,,,,,0.053,,,,0.05,,,,0.056,,,,,,,,,,
19-Jan-21,,,0.056,,,,,,,,,,0.052,,,,,0.052,,,,,,,,0.055,,,,,,,,,,
22-Jan-21,0.246,0.216,0.203,0.228,0.133,0.19,0.236,0.181,0.207,0.283,0.132,0.193,0.208,0.163,0.215,0.137,0.269,0.195,0.264,0.244,0.27,0.194,0.174,0.185,0.153,0.213,0.258,0.264,0.136,0.157,0.132,0.163,0.191,0.153,0.13,0.13
22-Jan-21,0.269,0.24,0.226,0.253,0.144,0.201,0.261,0.201,0.232,0.302,0.148,0.204,0.233,0.182,0.234,0.15,0.287,0.22,0.289,0.267,0.299,0.217,0.194,0.195,0.165,0.236,0.281,0.29,0.155,0.171,0.139,0.18,0.202,0.174,0.144,0.143
24-Jan-21,,,,,,,,,,,,,,,,,,,,,,,,,,,,,,,,,,,,
29-Jan-21,0.313,,0.325,0.278,,,,0.266,0.26,,,,0.36,,,,,0.335,,0.307,,0.263,0.23,,,0.39,,,,,,,,,,
03-Feb-21,,,0.21,,,,,,,,,,,,,,,,,,,,,,,0.264,,,,,,,,,,
03-Feb-21,,,0.194,,,,,,,,,,,,,,,,,,,,,,,0.246,,,,,,,,,,
06-Feb-21,0.233,0.184,0.248,0.191,0.141,0.16,0.199,0.19,0.256,0.179,0.156,0.147,0.186,0.211,0.179,0.171,0.164,0.278,0.183,0.205,0.19,0.208,0.165,0.284,0.178,0.319,0.168,0.192,0.171,0.189,0.136,0.151,0.209,0.183,0.106,0.115
06-Feb-21,0.285,0.233,0.279,0.236,0.154,0.194,0.25,0.212,0.284,0.222,0.17,0.176,0.222,0.224,0.21,0.187,0.202,0.309,0.208,0.253,0.219,0.222,0.177,0.318,0.181,0.357,0.214,0.225,0.187,0.199,0.136,0.169,0.245,0.2,0.118,0.124
08-Feb-21,0.307,,0.269,0.267,,,0.28,0.267,0.255,,,,0.31,,,,,0.297,,0.273,,0.253,0.254,,,0.334,,,,,,,,,,
08-Feb-21,0.328,,0.289,0.284,,,0.301,0.286,0.272,,,,0.336,,,,,0.321,,0.292,,0.27,0.27,,,0.364,,,,,,,,,,
11-Feb-21,0.272,0.235,0.212,0.238,0.131,0.186,0.252,0.164,0.214,0.232,0.165,0.181,0.244,0.14,0.098,0.121,0.192,0.22,0.088,0.24,0.115,0.198,0.192,0.182,0.096,0.252,0.228,0.142,0.195,0.118,0.096,0.13,0.189,0.17,0.208,0.159
11-Feb-21,0.29,0.252,0.245,0.254,0.135,0.192,0.27,0.185,0.237,0.247,0.178,0.188,0.279,0.15,0.099,0.125,0.203,0.256,0.089,0.257,0.117,0.211,0.211,0.189,0.098,0.29,0.242,0.147,0.21,0.121,0.097,0.135,0.196,0.186,0.222,0.165
13-Feb-21,,,0.206,,,,,,,,,,,,,,,0.293,,,,,,,,0.247,,,,,,,,,,
13-Feb-21,,,0.217,,,,,,,,,,,,,,,,,,,,,,,0.263,,,,,,,,,,
21-Feb-21,0.27,0.401,0.274,0.24,0.121,0.171,0.264,0.266,0.258,0.351,0.146,0.165,0.311,0.202,0.183,0.148,0.297,0.28,0.232,0.247,0.271,0.245,0.245,0.17,0.161,0.325,0.334,0.259,0.158,0.177,0.112,0.197,0.179,0.17,0.135,0.125
21-Feb-21,0.272,0.406,0.276,0.242,0.122,0.172,0.266,0.268,0.26,0.355,0.148,0.166,0.313,0.204,0.185,0.149,0.3,0.282,0.234,0.249,0.273,0.247,0.248,0.172,0.162,0.328,0.337,0.261,0.161,0.178,0.113,0.198,0.18,0.172,0.137,0.126
23-Feb-21,,,,,,,,,,,,,,,,,,,,,,,,,,,,,,,,,,,,
26-Feb-21,0.276,0.336,0.235,0.222,0.139,0.155,0.251,0.243,0.236,0.306,0.142,0.145,0.26,0.214,0.166,0.138,0.262,0.268,0.19,0.23,0.235,0.218,0.224,0.149,0.134,0.309,0.279,0.217,0.149,0.171,0.106,0.16,0.159,0.155,0.132,0.135
26-Feb-21,0.278,0.34,0.236,0.224,0.14,0.157,0.253,0.248,0.24,0.309,0.143,0.147,0.262,0.216,0.171,0.139,0.265,0.271,0.192,0.233,0.238,0.22,0.226,0.15,0.136,0.311,0.283,0.221,0.152,0.172,0.107,0.161,0.161,0.157,0.133,0.137
03-Mar-21,0.03,0.012,0.098,0.031,0.013,0.014,0.032,0.137,0.134,0.015,0.107,0.014,0.07,0.015,0.083,0.011,0.013,0.082,0.101,0.029,0.107,0.132,0.133,0.011,0.012,0.099,0.013,0.101,0.105,0.013,0.013,0.011,0.011,0.11,0.107,0.012
08-Mar-21,0.232,0.267,0.199,0.181,0.107,0.139,0.215,0.195,0.188,0.247,0.111,0.13,0.227,0.181,0.142,0.117,0.212,0.233,0.151,0.194,0.186,0.171,0.176,0.131,0.117,0.278,0.222,0.175,0.116,0.145,0.087,0.142,0.141,0.12,0.101,0.113
08-Mar-21,0.231,0.268,0.2,0.181,0.109,0.14,0.215,0.198,0.191,0.249,0.113,0.131,0.228,0.182,0.143,0.118,0.213,0.234,0.153,0.194,0.189,0.172,0.177,0.133,0.119,0.28,0.224,0.177,0.118,0.145,0.086,0.144,0.143,0.121,0.103,0.114
10-Mar-21,,,,,,,,,,,,,,,,,,,,,,,,,,,,,,,,,,,,
13-Mar-21,0.219,0.253,0.211,0.183,0.118,0.149,0.21,0.201,0.191,0.236,0.119,0.142,0.244,0.187,0.141,0.138,0.212,0.223,0.169,0.194,0.185,0.181,0.187,0.149,0.14,0.258,0.217,0.186,0.129,0.158,0.105,0.171,0.153,0.132,0.118,0.117
13-Mar-21,0.222,0.255,0.214,0.186,0.121,0.154,0.213,0.207,0.195,0.237,0.122,0.146,0.247,0.19,0.145,0.141,0.214,0.227,0.173,0.197,0.189,0.184,0.191,0.154,0.145,0.262,0.219,0.191,0.134,0.162,0.107,0.174,0.157,0.137,0.122,0.12
20-Mar-21,,,,,,,,,,,,,,,,,,,,,,,,,,,,,,,,,,,,
23-Mar-21,0.166,0.175,0.172,0.126,0.063,0.122,0.154,0.142,0.131,0.168,0.07,0.107,0.209,0.128,0.081,0.09,0.153,0.187,0.09,0.136,0.105,0.128,0.127,0.117,0.105,0.222,0.145,0.106,0.077,0.113,0.065,0.125,0.131,0.088,0.069,0.064
23-Mar-21,0.167,0.179,0.172,0.126,0.061,0.121,0.155,0.144,0.131,0.171,0.069,0.105,0.212,0.128,0.08,0.088,0.155,0.189,0.09,0.136,0.105,0.127,0.127,0.116,0.103,0.224,0.147,0.106,0.076,0.111,0.061,0.124,0.13,0.087,0.067,0.061
02-Apr-21,0.334,0.244,0.217,0.296,0.311,0.327,0.295,0.284,0.273,0.252,0.328,0.295,0.263,0.367,0.201,0.328,0.296,0.227,0.183,0.32,0.166,0.287,0.289,0.331,0.356,0.27,0.213,0.166,0.313,0.343,0.313,0.317,0.349,0.267,0.291,0.305
02-Apr-21,0.354,0.249,0.211,0.308,0.316,0.339,0.306,0.292,0.277,0.257,0.361,0.302,0.263,0.379,0.199,0.333,0.306,0.224,0.178,0.335,0.158,0.292,0.294,0.346,0.365,0.269,0.213,0.159,0.332,0.35,0.315,0.321,0.367,0.276,0.317,0.309
04-Apr-21,,,,,,,,,,,,,,,,,,,,,,,,,,,,,,,,,,,,
07-Apr-21,0.336,0.304,0.226,0.279,0.277,0.341,0.326,0.363,0.354,0.301,0.366,0.322,0.23,0.232,0.317,0.172,0.351,0.213,0.259,0.284,0.182,0.345,0.354,0.356,0.318,0.266,0.237,0.188,0.372,0.289,0.282,0.209,0.355,0.362,0.305,0.19
07-Apr-21,0.338,0.308,0.227,0.281,0.278,0.343,0.327,0.366,0.356,0.305,0.368,0.325,0.231,0.234,0.319,0.173,0.358,0.214,0.261,0.286,0.185,0.347,0.356,0.359,0.32,0.268,0.24,0.19,0.374,0.29,0.283,0.211,0.358,0.364,0.308,0.192
22-Apr-21,0.031,0.131,0.031,0.035,0.03,0.115,0.035,0.068,0.062,0.135,0.069,0.109,0.029,0.039,0.057,0.051,0.147,0.026,0.058,0.034,0.053,0.064,0.072,0.134,0.024,0.026,0.073,0.047,0.057,0.034,0.033,0.051,0.096,0.046,0.062,0.051
27-Apr-21,0.381,0.377,0.361,0.334,0.327,0.347,0.364,0.369,0.358,0.367,0.376,0.33,0.379,0.378,0.325,0.336,0.367,0.362,0.335,0.348,0.341,0.35,0.362,0.356,0.345,0.402,0.361,0.341,0.385,0.363,0.315,0.364,0.357,0.376,0.328,0.337
27-Apr-21,0.383,0.381,0.363,0.336,0.328,0.349,0.367,0.373,0.362,0.37,0.38,0.332,0.384,0.381,0.328,0.338,0.37,0.365,0.337,0.35,0.344,0.352,0.365,0.359,0.348,0.405,0.364,0.344,0.388,0.364,0.315,0.367,0.36,0.38,0.331,0.339
02-May-21,0.324,0.285,0.324,0.299,0.252,0.271,0.315,0.318,0.308,0.282,0.306,0.266,0.332,0.289,0.276,0.278,0.282,0.306,0.288,0.31,0.29,0.313,0.31,0.276,0.274,0.332,0.285,0.288,0.321,0.266,0.25,0.297,0.275,0.318,0.291,0.273
07-May-21,0.439,0.178,0.335,0.353,0.322,0.066,0.398,0.324,0.317,0.209,0.441,0.07,0.376,0.441,0.305,0.416,0.311,0.364,0.326,0.404,0.339,0.335,0.341,0.045,0.384,0.362,0.132,0.328,0.471,0.323,0.326,0.431,0.063,0.461,0.428,0.414
07-May-21,0.445,0.178,0.336,0.358,0.324,0.066,0.403,0.326,0.318,0.211,0.444,0.069,0.378,0.444,0.308,0.419,0.315,0.366,0.328,0.409,0.341,0.336,0.343,0.044,0.386,0.364,0.131,0.33,0.474,0.325,0.327,0.433,0.062,0.463,0.43,0.416
09-May-21,,,,,,,,,,,,,,,,,,,,,,,,,,,,,,,,,,,,
12-May-21,0.052,0.09,0.045,0.045,0.023,0.064,0.052,0.163,0.155,0.068,0.052,0.065,0.047,0.022,0.095,0.029,0.045,0.055,0.138,0.05,0.138,0.208,0.181,0.094,0.023,0.049,0.076,0.131,0.048,0.022,0.023,0.021,0.073,0.041,0.045,0.03
12-May-21,0.051,0.09,0.045,0.044,0.023,0.064,0.051,0.164,0.155,0.068,0.052,0.065,0.047,0.022,0.095,0.028,0.045,0.055,0.138,0.049,0.139,0.209,0.181,0.094,0.023,0.049,0.076,0.132,0.048,0.022,0.023,0.021,0.073,0.041,0.045,0.028
14-May-21,,,,,,,,,,,,,,,,,,,,,,,,,,,,,,,,,,,,
17-May-21,0.166,0.071,0.779,0.512,0.7,0.047,0.511,0.6,0.606,0.064,0.802,0.057,0.602,0.215,0.518,0.066,0.028,0.633,0.51,0.218,0.472,0.611,0.606,0.012,0.671,0.796,0.043,0.49,0.82,0.752,0.749,0.082,0.041,0.825,0.823,0.074
17-May-21,0.164,0.068,0.786,0.514,0.704,0.044,0.513,0.618,0.624,0.061,0.808,0.054,0.606,0.213,0.521,0.064,0.025,0.638,0.512,0.216,0.474,0.63,0.624,0.008,0.674,0.803,0.04,0.492,0.826,0.755,0.754,0.08,0.039,0.831,0.829,0.072
24-May-21,,,,,,,,,,,,,,,,,,,,,,,,,,,,,,,,,,,,
27-May-21,0.906,0.094,0.913,0.923,0.844,0.846,0.919,0.911,0.913,0.098,0.881,0.84,0.818,0.504,0.08,0.815,0.127,0.886,0.087,0.894,0.12,0.912,0.908,0.805,0.492,0.916,0.108,0.157,0.852,0.61,0.692,0.789,0.842,0.792,0.902,0.721
27-May-21,0.909,0.091,0.916,0.926,0.853,0.858,0.923,0.914,0.916,0.096,0.884,0.853,0.821,0.504,0.077,0.823,0.124,0.889,0.083,0.897,0.116,0.915,0.911,0.815,0.493,0.919,0.105,0.152,0.855,0.611,0.7,0.796,0.855,0.794,0.905,0.728
03-Jun-21,,,,,,,,,,,,,,,,,,,,,,,,,,,,,,,,,,,,
06-Jun-21,0.882,0.899,0.912,0.42,0.1,0.046,0.753,0.914,0.914,0.889,0.869,0.058,0.907,0.675,0.453,0.628,0.909,0.904,0.493,0.763,0.735,0.911,0.914,0.026,0.327,0.906,0.904,0.703,0.874,0.181,0.234,0.806,0.033,0.897,0.9,0.645
06-Jun-21,0.879,0.894,0.908,0.424,0.104,0.049,0.752,0.911,0.911,0.883,0.868,0.061,0.903,0.674,0.458,0.627,0.905,0.9,0.497,0.762,0.735,0.908,0.911,0.028,0.331,0.902,0.9,0.704,0.872,0.185,0.238,0.803,0.036,0.895,0.898,0.644
13-Jun-21,,,,,,,,,,,,,,,,,,,,,,,,,,,,,,,,,,,,
16-Jun-21,0.14,0.017,0.377,0.153,0.154,0.001,0.187,0.613,0.442,0.012,0.207,0.011,0.539,0.033,0.093,0.038,0.021,0.603,0.062,0.11,0.051,0.506,0.671,0.008,0.029,0.521,0.015,0.062,0.186,0.053,0.032,0.045,0.011,0.185,0.315,0.042
16-Jun-21,0.139,0.016,0.376,0.152,0.153,-0.001,0.187,0.616,0.441,0.011,0.206,0.009,0.54,0.031,0.092,0.036,0.02,0.605,0.061,0.109,0.05,0.506,0.672,0.006,0.028,0.521,0.014,0.061,0.186,0.052,0.031,0.044,0.009,0.184,0.314,0.041
21-Jun-21,0.135,0.544,0.697,0.184,0.486,-0.02,0.089,0.07,0.097,0.602,0.456,-0.017,0.696,0.481,0.04,0.466,0.571,0.695,0.016,0.231,-0.009,0.092,0.135,0.028,0.608,0.697,0.559,0.019,0.48,0.562,0.622,0.426,0.025,0.47,0.431,0.439
21-Jun-21,0.139,0.532,0.689,0.188,0.474,-0.019,0.094,0.072,0.099,0.589,0.451,-0.016,0.689,0.469,0.04,0.455,0.558,0.687,0.016,0.234,-0.009,0.094,0.136,0.029,0.599,0.69,0.547,0.019,0.473,0.549,0.612,0.419,0.026,0.462,0.425,0.43
23-Jun-21,,,,,,,,,,,,,,,,,,,,,,,,,,,,,,,,,,,,
11-Jul-21,0.191,0.105,0.418,0.232,0.224,0.133,0.223,0.106,0.141,0.167,0.138,0.154,0.381,0.175,0.095,0.154,0.124,0.39,0.091,0.231,0.089,0.141,0.136,0.095,0.213,0.435,0.055,0.098,0.146,0.245,0.229,0.142,0.132,0.152,0.165,0.187
16-Jul-21,-0.017,0.074,0.065,-0.025,0.029,0.136,-0.01,0.014,0.012,0.049,-0.014,0.15,0.049,0.105,0.001,0.095,0.063,0.058,-0.009,-0.007,0,0.035,0.013,0.137,0.012,0.046,0.067,-0.005,-0.003,0.042,0.021,0.095,0.117,0,-0.008,0.135
21-Jul-21,0.688,0.194,0.062,0.671,0.468,0.136,0.675,-0.002,-0.01,0.133,0.015,0.143,0.101,0.108,0.068,0.209,0.09,0.117,0.077,0.674,0.119,-0.003,0.002,0.147,0.013,0.057,0.224,0.081,0.014,0.183,0.058,0.126,0.233,0.007,0.018,0.163
21-Jul-21,0.621,0.212,0.08,0.612,0.46,0.156,0.613,0.018,0.009,0.152,0.034,0.163,0.118,0.129,0.088,0.226,0.11,0.132,0.097,0.612,0.138,0.016,0.021,0.167,0.033,0.074,0.24,0.101,0.033,0.199,0.08,0.146,0.25,0.026,0.038,0.181
23-Jul-21,,,,,,,,,,,,,,,,,,,,,,,,,,,,,,,,,,,,
26-Jul-21,0.292,0.308,0.301,0.266,0.327,0.347,0.269,0.247,0.262,0.308,0.248,0.346,0.263,0.306,0.318,0.319,0.31,0.277,0.285,0.284,0.285,0.26,0.261,0.348,0.341,0.3,0.316,0.306,0.226,0.327,0.329,0.324,0.343,0.27,0.297,0.317
26-Jul-21,0.288,0.304,0.297,0.262,0.323,0.343,0.265,0.243,0.258,0.304,0.244,0.342,0.259,0.302,0.314,0.315,0.306,0.273,0.281,0.28,0.281,0.256,0.257,0.344,0.337,0.296,0.313,0.303,0.222,0.323,0.325,0.32,0.339,0.266,0.293,0.314
28-Jul-21,,,,,,,,,,,,,,,,,,,,,,,,,,,,,,,,,,,,
31-Jul-21,0.902,0.385,0.871,0.901,0.592,0.251,0.905,0.856,0.859,0.371,0.753,0.239,0.896,0.63,0.729,0.703,0.406,0.883,0.826,0.905,0.719,0.856,0.861,0.243,0.505,0.861,0.375,0.802,0.803,0.552,0.57,0.753,0.252,0.814,0.784,0.685
31-Jul-21,0.902,0.387,0.87,0.901,0.592,0.253,0.905,0.855,0.858,0.373,0.753,0.24,0.896,0.63,0.727,0.703,0.408,0.882,0.824,0.905,0.718,0.855,0.86,0.244,0.506,0.86,0.376,0.8,0.802,0.552,0.571,0.753,0.254,0.813,0.784,0.686
02-Aug-21,,,,,,,,,,,,,,,,,,,,,,,,,,,,,,,,,,,,
10-Aug-21,0.901,0.621,0.883,0.9,0.024,-0.019,0.902,0.888,0.891,0.791,0.871,-0.015,0.894,0.081,0.112,0.61,0.411,0.884,0.187,0.905,0.117,0.884,0.889,-0.017,0.166,0.873,0.148,0.096,0.874,0.064,0.086,0.677,-0.021,0.886,0.874,0.634
10-Aug-21,0.903,0.621,0.887,0.902,0.023,-0.021,0.904,0.89,0.893,0.792,0.873,-0.017,0.897,0.08,0.111,0.608,0.41,0.887,0.187,0.907,0.116,0.886,0.891,-0.018,0.163,0.877,0.147,0.095,0.876,0.062,0.084,0.675,-0.023,0.888,0.876,0.632
12-Aug-21,,,,,,,,,,,,,,,,,,,,,,,,,,,,,,,,,,,,
15-Aug-21,0.915,0.908,0.912,0.913,0.905,0.919,0.917,0.909,0.906,0.907,0.899,0.92,0.915,0.894,0.905,0.9,0.914,0.912,0.896,0.919,0.901,0.904,0.91,0.922,0.918,0.904,0.906,0.903,0.899,0.9,0.904,0.904,0.918,0.903,0.893,0.898
15-Aug-21,0.92,0.914,0.918,0.919,0.91,0.924,0.923,0.915,0.912,0.913,0.904,0.925,0.921,0.899,0.911,0.906,0.92,0.918,0.902,0.924,0.907,0.91,0.916,0.927,0.923,0.91,0.912,0.909,0.905,0.905,0.91,0.91,0.923,0.909,0.898,0.904
20-Aug-21,0.539,0.468,0.714,0.577,0.548,0.495,0.558,0.762,0.771,0.457,0.736,0.517,0.709,0.748,0.588,0.763,0.473,0.713,0.57,0.538,0.564,0.743,0.758,0.563,0.557,0.723,0.446,0.575,0.753,0.568,0.537,0.775,0.501,0.772,0.759,0.774
25-Aug-21,0.931,0.932,0.93,0.933,0.929,0.943,0.933,0.933,0.936,0.929,0.917,0.943,0.934,0.916,0.927,0.926,0.94,0.93,0.918,0.935,0.927,0.932,0.932,0.941,0.941,0.921,0.93,0.928,0.914,0.925,0.932,0.928,0.939,0.929,0.908,0.92
25-Aug-21,0.906,0.902,0.903,0.908,0.906,0.921,0.908,0.906,0.908,0.901,0.893,0.921,0.907,0.89,0.903,0.902,0.912,0.903,0.893,0.91,0.901,0.905,0.906,0.92,0.919,0.895,0.902,0.902,0.89,0.902,0.908,0.903,0.917,0.903,0.884,0.896
27-Aug-21,,,,,,,,,,,,,,,,,,,,,,,,,,,,,,,,,,,,
04-Sep-21,0.911,0.9,0.904,0.912,0.898,0.905,0.911,0.898,0.903,0.899,0.887,0.903,0.908,0.881,0.898,0.899,0.908,0.902,0.888,0.913,0.895,0.895,0.899,0.914,0.913,0.893,0.898,0.897,0.884,0.894,0.898,0.899,0.911,0.899,0.878,0.89
04-Sep-21,0.917,0.908,0.911,0.918,0.904,0.911,0.917,0.905,0.91,0.906,0.894,0.909,0.915,0.888,0.904,0.905,0.915,0.909,0.895,0.919,0.902,0.902,0.906,0.919,0.918,0.9,0.906,0.904,0.89,0.899,0.904,0.906,0.916,0.906,0.884,0.896
06-Sep-21,,,,,,,,,,,,,,,,,,,,,,,,,,,,,,,,,,,,
11-Sep-21,,,,,,,,,,,,,,,,,,,,,,,,,,,,,,,,,,,,
14-Sep-21,0.874,0.239,0.856,0.867,0.87,0.594,0.872,0.851,0.857,0.273,0.834,0.479,0.722,0.85,0.671,0.871,0.423,0.811,0.626,0.876,0.553,0.849,0.854,0.716,0.89,0.835,0.333,0.539,0.83,0.861,0.87,0.867,0.809,0.846,0.824,0.86
14-Sep-21,0.865,0.243,0.847,0.858,0.861,0.591,0.864,0.842,0.847,0.277,0.826,0.48,0.719,0.84,0.664,0.862,0.424,0.804,0.623,0.868,0.552,0.839,0.844,0.71,0.882,0.827,0.336,0.539,0.822,0.852,0.862,0.858,0.801,0.837,0.816,0.852
19-Sep-21,0.925,0.919,0.927,0.927,0.899,0.93,0.931,0.912,0.919,0.918,0.88,0.928,0.93,0.894,0.906,0.912,0.928,0.923,0.895,0.932,0.91,0.91,0.915,0.931,0.923,0.911,0.918,0.91,0.881,0.89,0.904,0.904,0.927,0.902,0.875,0.895
19-Sep-21,0.93,0.925,0.932,0.931,0.903,0.934,0.936,0.917,0.924,0.923,0.884,0.932,0.934,0.899,0.91,0.916,0.934,0.928,0.9,0.936,0.915,0.915,0.92,0.934,0.927,0.916,0.924,0.915,0.885,0.894,0.908,0.909,0.931,0.907,0.88,0.899
21-Sep-21,,,,,,,,,,,,,,,,,,,,,,,,,,,,,,,,,,,,
26-Sep-21,,,,,,,,,,,,,,,,,,,,,,,,,,,,,,,,,,,,
29-Sep-21,0.081,0.22,0.062,0.251,0.692,0.104,0.18,0.086,0.065,0.184,0.52,0.112,0.056,0.784,0.42,0.729,0.204,0.057,0.387,0.08,0.505,0.066,0.077,0.105,0.663,0.072,0.296,0.504,0.357,0.703,0.655,0.708,0.107,0.273,0.484,0.746
29-Sep-21,0.079,0.219,0.059,0.252,0.697,0.102,0.179,0.084,0.063,0.183,0.528,0.11,0.054,0.794,0.423,0.736,0.202,0.054,0.389,0.078,0.511,0.064,0.075,0.102,0.668,0.069,0.297,0.51,0.359,0.708,0.659,0.715,0.105,0.274,0.491,0.753
01-Oct-21,,,,,,,,,,,,,,,,,,,,,,,,,,,,,,,,,,,,
06-Oct-21,,,,,,,,,,,,,,,,,,,,,,,,,,,,,,,,,,,,
09-Oct-21,0.684,0.651,0.648,0.666,0.56,0.615,0.724,0.717,0.737,0.658,0.611,0.603,0.771,0.325,0.68,0.209,0.68,0.717,0.654,0.684,0.69,0.696,0.729,0.598,0.506,0.634,0.638,0.701,0.634,0.532,0.549,0.265,0.596,0.659,0.638,0.231
11-Oct-21,,,0.747,,,,,,,,,,,,,,,0.763,,,,,,,,0.718,,,,,,,,,,
14-Oct-21,0.147,0.658,0.042,0.159,0.588,0.646,0.197,-0.016,-0.01,0.643,0.068,0.595,0.01,0.617,0.346,0.57,0.653,0.031,0.424,0.212,0.448,-0.011,-0.014,0.63,0.651,0.092,0.587,0.416,0.052,0.586,0.654,0.567,0.624,0.047,0.06,0.545
14-Oct-21,0.152,0.662,0.045,0.164,0.593,0.65,0.203,-0.013,-0.007,0.647,0.071,0.599,0.012,0.627,0.359,0.582,0.656,0.034,0.442,0.217,0.467,-0.01,-0.011,0.632,0.655,0.095,0.591,0.434,0.054,0.592,0.66,0.579,0.629,0.049,0.063,0.558
19-Oct-21,-0.006,0.018,-0.009,-0.01,0.019,0.091,-0.004,-0.02,-0.026,-0.001,0.437,0.12,-0.01,0.151,0.028,0.051,-0.01,-0.01,0.026,-0.008,0.037,-0.024,-0.027,0.039,0.054,-0.009,0.015,0.039,0.333,0.022,0.037,0.069,0.015,0.132,0.306,0.061
19-Oct-21,0,0.023,-0.005,-0.005,0.025,0.096,0.001,-0.014,-0.02,0.005,0.432,0.124,-0.006,0.155,0.034,0.056,-0.005,-0.005,0.031,-0.003,0.042,-0.018,-0.022,0.043,0.058,-0.005,0.02,0.045,0.332,0.027,0.042,0.074,0.02,0.135,0.306,0.065
21-Oct-21,,,0.057,,,,,,,,,,-0.063,,,,,-0.035,,,,,,,,0.127,,,,,,,,,,
21-Oct-21,,,0.058,,,,,,,,,,-0.103,,,,,-0.035,,,,,,,,0.13,,,,,,,,,,
24-Oct-21,0.587,0.597,0.611,0.63,0.575,0.549,0.668,0.564,0.611,0.584,0.533,0.512,0.695,0.577,0.495,0.485,0.588,0.688,0.513,0.61,0.55,0.537,0.573,0.545,0.584,0.611,0.534,0.56,0.513,0.57,0.564,0.541,0.56,0.572,0.562,0.528
24-Oct-21,0.589,0.6,0.612,0.632,0.576,0.55,0.67,0.568,0.614,0.587,0.535,0.514,0.697,0.579,0.498,0.488,0.59,0.69,0.516,0.611,0.553,0.539,0.576,0.547,0.585,0.613,0.537,0.563,0.517,0.572,0.565,0.543,0.562,0.575,0.565,0.531
26-Oct-21,,,,,,,,,,,,,,,,,,,,,,,,,,,,,,,,,,,,
26-Oct-21,,,,,,,,,,,,,,,,,,,,,,,,,,,,,,,,,,,,
29-Oct-21,0.489,0.59,0.509,0.52,0.487,0.513,0.589,0.491,0.539,0.531,0.456,0.477,0.604,0.482,0.472,0.415,0.549,0.602,0.493,0.508,0.533,0.475,0.504,0.504,0.499,0.52,0.504,0.539,0.442,0.476,0.459,0.463,0.504,0.501,0.48,0.435
29-Oct-21,0.492,0.594,0.512,0.522,0.488,0.516,0.591,0.494,0.543,0.534,0.458,0.479,0.606,0.484,0.475,0.418,0.553,0.605,0.496,0.511,0.537,0.476,0.507,0.506,0.5,0.522,0.507,0.543,0.446,0.479,0.462,0.464,0.505,0.504,0.483,0.439
31-Oct-21,,,0.434,,,,,,0.463,,,,0.508,,,,,0.501,,,,0.437,,,,0.451,,,,,,,,,,
31-Oct-21,,,0.457,,,,,,0.516,,,,0.539,,,,,0.528,,,,0.464,,,,0.471,,,,,,,,,,
03-Nov-21,0.026,0.044,0.016,0.024,0.026,0.043,0.009,0.021,0.02,0.041,0.03,0.047,0.011,0.032,0.021,0.04,0.039,0.008,0.024,0.027,0.02,0.014,0.012,0.072,0.027,0.008,0.032,0.017,0.026,0.021,0.029,0.027,0.065,0.035,0.051,0.042
03-Nov-21,0.015,0.034,0.005,0.013,0.015,0.034,-0.002,0.009,0.008,0.031,0.02,0.037,0,0.021,0.01,0.03,0.028,-0.003,0.013,0.017,0.008,0.002,0,0.064,0.016,-0.003,0.021,0.005,0.015,0.009,0.018,0.016,0.056,0.025,0.041,0.032
05-Nov-21,,,,,,,,,,,,,,,,,,,,,,,,,,,,,,,,,,,,
10-Nov-21,,,-0.01,,,,,,,,,,,,,,,0.008,,,,,,,,-0.005,,,,,,,,,,
10-Nov-21,,,-0.014,,,,,,,,,,,,,,,0.004,,,,,,,,-0.01,,,,,,,,,,
13-Nov-21,0.471,0.5,0.457,0.443,0.411,0.449,0.452,0.457,0.451,0.499,0.432,0.443,0.452,0.435,0.447,0.396,0.483,0.456,0.454,0.454,0.472,0.446,0.453,0.452,0.403,0.498,0.493,0.468,0.431,0.424,0.391,0.416,0.454,0.434,0.395,0.394
13-Nov-21,0.486,0.532,0.476,0.459,0.422,0.461,0.469,0.478,0.472,0.523,0.451,0.455,0.471,0.452,0.465,0.41,0.502,0.473,0.475,0.47,0.498,0.465,0.472,0.466,0.413,0.516,0.519,0.493,0.452,0.438,0.397,0.431,0.467,0.457,0.412,0.406
18-Nov-21,0.461,0.486,0.457,0.439,0.375,0.433,0.442,0.449,0.45,0.497,0.4,0.426,0.459,0.406,0.414,0.379,0.462,0.438,0.431,0.446,0.443,0.451,0.439,0.442,0.39,0.5,0.474,0.444,0.403,0.419,0.35,0.407,0.434,0.413,0.38,0.364
18-Nov-21,0.481,0.529,0.477,0.457,0.385,0.442,0.462,0.473,0.474,0.526,0.421,0.436,0.478,0.427,0.434,0.392,0.484,0.456,0.455,0.465,0.471,0.474,0.462,0.452,0.399,0.521,0.507,0.47,0.429,0.433,0.356,0.423,0.443,0.44,0.399,0.373
23-Nov-21,0.523,0.551,0.475,0.475,0.414,0.458,0.486,0.478,0.471,0.54,0.435,0.446,0.468,0.442,0.458,0.406,0.513,0.46,0.479,0.483,0.495,0.474,0.475,0.462,0.398,0.531,0.538,0.487,0.443,0.43,0.383,0.425,0.461,0.436,0.402,0.398
23-Nov-21,0.53,0.567,0.482,0.482,0.418,0.462,0.492,0.487,0.48,0.55,0.443,0.45,0.475,0.449,0.465,0.411,0.52,0.467,0.487,0.49,0.505,0.483,0.483,0.467,0.402,0.538,0.55,0.495,0.452,0.436,0.385,0.43,0.464,0.444,0.408,0.403
28-Nov-21,0.484,0.358,0.438,0.45,0.306,0.269,0.457,0.356,0.34,0.365,0.335,0.26,0.444,0.37,0.334,0.343,0.361,0.434,0.338,0.448,0.376,0.292,0.341,0.272,0.322,0.472,0.354,0.358,0.346,0.33,0.288,0.35,0.271,0.335,0.341,0.342
28-Nov-21,0.649,0.505,0.585,0.606,0.382,0.308,0.628,0.459,0.429,0.483,0.442,0.297,0.599,0.522,0.421,0.447,0.461,0.573,0.451,0.608,0.514,0.37,0.437,0.315,0.389,0.618,0.482,0.483,0.469,0.432,0.347,0.462,0.317,0.456,0.458,0.435
30-Nov-21,,,,,,,,,,,,,,,,,,,,,,,,,,,,,,,,,,,,
03-Dec-21,0.083,0.247,0.194,0.061,0.112,0.224,0.059,0.195,0.199,0.275,0.186,0.211,0.177,0.198,0.232,0.101,0.281,0.178,0.227,0.069,0.232,0.226,0.223,0.223,0.117,0.212,0.254,0.225,0.193,0.112,0.119,0.134,0.231,0.198,0.159,0.114
03-Dec-21,0.083,0.259,0.202,0.061,0.114,0.231,0.06,0.203,0.208,0.285,0.195,0.218,0.184,0.203,0.243,0.102,0.292,0.185,0.238,0.068,0.245,0.236,0.232,0.23,0.119,0.22,0.265,0.236,0.203,0.114,0.121,0.136,0.239,0.21,0.166,0.115
20-Dec-21,,,,,,,,,,,,,,,,,,,,,,,,,,,,,,,,,,,,
23-Dec-21,0.461,0.352,0.37,0.373,0.216,0.236,0.413,0.381,0.376,0.47,0.229,0.231,0.384,0.331,0.322,0.237,0.44,0.365,0.367,0.384,0.402,0.375,0.389,0.231,0.184,0.473,0.329,0.398,0.26,0.239,0.161,0.27,0.228,0.295,0.226,0.218
23-Dec-21,0.465,0.365,0.372,0.376,0.218,0.238,0.415,0.385,0.378,0.475,0.23,0.233,0.386,0.336,0.326,0.238,0.444,0.368,0.371,0.387,0.409,0.379,0.394,0.233,0.188,0.475,0.339,0.403,0.263,0.241,0.16,0.272,0.23,0.3,0.23,0.22
04-Jan-22,,,,,,,,,,,,,,,,,,,,,,,,,,,,,,,,,,,,
